Team,xG,xGA,xGD,Open Play xG,Open Play xGA,Open Play xGD,Set Piece xG,Set Piece xGA,Set Piece xGD,npxG,npxGA,npxGD,Goals,Goals Conceded,GD,GD-xGD,Possession,Field Tilt,Avg Pass Height,xT,xT Against,Passes in Opposition Half,Passes into Box,Shots,Shots Faced,Shots per 1.0 xT,Shots Faced per 1.0 xT Against,PPDA,High Recoveries,High Recoveries Against,Crosses,Corners,Fouls,On-Ball Pressure,On-Ball Pressure Share,Off-Ball Pressure,Off-Ball Pressure Share,Game Control,Game Control Share,Throw-Ins into the Box,Match,Date
Daejeon Hana Citizen,4.08,2.19,1.89,3.11,1.61,1.50,0.97,0.57,0.40,4.08,2.19,1.89,4,1,3,1.11,41.50,41.0,47.05,0.91,1.17,182,10,15,20,16.48,17.09,17.71,6,4,13,4,13,93.9,37.17,90.33,62.67,195.53,80.03,0,Ulsan HD 1-4 Daejeon Hana Citizen,2026-04-26
Ulsan HD,2.19,4.08,-1.89,1.61,3.11,-1.50,0.57,0.97,-0.40,2.19,4.08,-1.89,1,4,-3,-1.11,58.50,59.0,47.71,1.17,0.91,291,26,20,15,17.09,16.48,11.73,4,6,24,6,6,158.7,62.83,53.8,37.33,48.8,19.97,1,Ulsan HD 1-4 Daejeon Hana Citizen,2026-04-26
Anyang,3.38,1.76,1.62,3.09,1.64,1.45,0.29,0.12,0.17,3.38,1.76,1.62,5,2,3,1.38,54.80,48.67,41.66,0.71,0.59,177,11,13,15,18.31,25.42,14.83,1,3,8,2,14,92.3,53.38,27.73,20.31,63.47,44.08,0,Gwangju 2-5 Anyang,2026-04-26
Gwangju,1.76,3.38,-1.62,1.64,3.09,-1.45,0.12,0.29,-0.17,1.76,3.38,-1.62,2,5,-3,-1.38,45.20,51.33,47.50,0.59,0.71,192,10,15,13,25.42,18.31,15.76,3,1,18,4,10,80.6,46.62,108.8,79.69,80.53,55.92,0,Gwangju 2-5 Anyang,2026-04-26
Pohang Steelers,3.35,0.63,2.72,1.15,0.52,0.63,0.68,0.11,0.57,1.83,0.63,1.20,2,3,-1,-3.72,42.90,45.55,49.65,1.07,1.04,191,17,14,8,13.08,7.69,12.55,7,4,26,4,6,79.1,42.37,78.13,83.29,101.9,55.89,3,Jeonbuk Motors 3-2 Pohang Steelers,2026-04-26
Jeonbuk Motors,0.63,3.35,-2.72,0.52,1.15,-0.63,0.11,0.68,-0.57,0.63,1.83,-1.20,3,2,1,3.72,57.10,54.45,46.06,1.04,1.07,200,15,8,14,7.69,13.08,12.67,4,7,19,5,16,107.6,57.63,15.67,16.71,80.43,44.11,1,Jeonbuk Motors 3-2 Pohang Steelers,2026-04-26
Gimcheon Sangmu,1.31,0.46,0.85,1.18,0.38,0.80,0.13,0.09,0.04,1.31,0.46,0.85,2,0,2,1.15,57.50,64.8,53.78,0.22,0.32,293,19,15,10,68.18,31.25,9.59,2,2,25,7,14,157.8,78.59,39.2,32.47,134.67,79.19,2,Bucheon 1995 0-2 Gimcheon Sangmu,2026-04-25
Bucheon 1995,0.46,1.31,-0.85,0.38,1.18,-0.80,0.09,0.13,-0.04,0.46,1.31,-0.85,0,2,-2,-1.15,42.50,35.2,45.22,0.32,0.22,143,6,10,15,31.25,68.18,14.88,2,2,7,1,14,43.0,21.41,81.53,67.53,35.4,20.81,1,Bucheon 1995 0-2 Gimcheon Sangmu,2026-04-25
Jeju FC,0.88,0.84,0.04,0.85,0.83,0.02,0.02,0.01,0.01,0.88,0.84,0.04,0,1,-1,-1.04,44.00,46.35,47.54,0.31,0.41,184,10,9,4,29.03,9.76,11.24,9,7,21,3,17,103.7,55.63,131.2,86.96,156.6,84.07,2,Incheon United 1-0 Jeju FC,2026-04-25
Incheon United,0.84,0.88,-0.04,0.83,0.85,-0.02,0.01,0.02,-0.01,0.84,0.88,-0.04,1,0,1,1.04,56.00,53.65,44.08,0.41,0.31,221,9,4,9,9.76,29.03,7.63,7,9,19,5,18,82.7,44.37,19.67,13.04,29.67,15.93,1,Incheon United 1-0 Jeju FC,2026-04-25
Seoul,1.35,1.50,-0.15,1.33,1.20,0.13,0.02,0.30,-0.28,1.35,1.50,-0.15,2,1,1,1.15,51.30,27.51,37.84,0.27,0.83,109,8,7,17,25.93,20.48,8.90,3,7,9,3,11,41.2,20.89,17.53,16.24,30.07,14.13,1,Gangwon 1-2 Seoul,2026-04-25
Gangwon,1.50,1.35,0.15,1.20,1.33,-0.13,0.30,0.02,0.28,1.50,1.35,0.15,1,2,-1,-1.15,48.70,72.49,54.16,0.83,0.27,232,16,17,7,20.48,25.93,7.72,7,3,24,7,23,156.0,79.11,90.4,83.76,182.73,85.87,2,Gangwon 1-2 Seoul,2026-04-25
Gwangju,0.30,0.99,-0.69,0.27,0.97,-0.70,0.03,0.02,0.01,0.30,0.99,-0.69,0,1,-1,-0.31,40.90,40.64,42.66,0.2,0.17,121,7,5,7,25.0,41.18,11.69,4,8,6,2,22,23.2,22.52,88.73,69.47,67.4,37.28,0,Pohang Steelers 1-0 Gwangju,2026-04-22
Pohang Steelers,0.99,0.30,0.69,0.97,0.27,0.70,0.02,0.03,-0.01,0.99,0.30,0.69,1,0,1,0.31,59.10,59.36,41.92,0.17,0.2,168,10,7,5,41.18,25.0,8.00,8,4,16,5,14,79.8,77.48,39.0,30.53,113.37,62.72,2,Pohang Steelers 1-0 Gwangju,2026-04-22
Ulsan HD,1.93,1.32,0.61,1.85,1.32,0.53,0.08,0.00,0.08,1.93,1.32,0.61,1,1,0,-0.61,52.90,63.71,53.87,1.38,0.36,345,20,19,11,13.77,30.56,18.68,2,4,31,4,9,179.8,85.29,54.87,43.36,145.17,75.48,0,Anyang 1-1 Ulsan HD,2026-04-22
Anyang,1.32,1.93,-0.61,1.32,1.85,-0.53,0.00,0.08,-0.08,1.32,1.93,-0.61,1,1,0,0.61,47.10,36.29,44.39,0.36,1.38,187,13,11,19,30.56,13.77,26.53,4,2,8,1,8,31.0,14.71,71.67,56.64,47.17,24.52,1,Anyang 1-1 Ulsan HD,2026-04-22
Jeju FC,0.94,0.59,0.35,0.83,0.59,0.24,0.11,0.00,0.11,0.94,0.59,0.35,1,0,1,0.65,46.60,48.8,47.13,0.61,0.56,214,8,11,9,18.03,16.07,12.00,6,4,17,3,14,88.9,54.17,79.93,69.23,132.1,76.89,3,Daejeon Hana Citizen 0-1 Jeju FC,2026-04-22
Daejeon Hana Citizen,0.59,0.94,-0.35,0.59,0.83,-0.24,0.00,0.11,-0.11,0.59,0.94,-0.35,0,1,-1,-0.65,53.40,51.2,46.47,0.56,0.61,241,10,9,11,16.07,18.03,11.16,4,6,22,4,9,75.2,45.83,35.53,30.77,39.7,23.11,0,Daejeon Hana Citizen 0-1 Jeju FC,2026-04-22
Incheon United,1.30,3.25,-1.95,0.54,1.02,-0.48,0.00,2.23,-2.23,0.54,3.25,-2.71,2,1,1,2.95,48.70,53.85,45.27,0.41,1.12,213,6,7,17,17.07,15.18,15.39,1,4,11,1,12,103.9,46.93,71.4,50.76,108.07,53.26,0,Jeonbuk Motors 1-2 Incheon United,2026-04-21
Jeonbuk Motors,3.25,1.30,1.95,1.02,0.54,0.48,2.23,0.00,2.23,3.25,0.54,2.71,1,2,-1,-2.95,51.30,46.15,46.10,1.12,0.41,229,13,17,7,15.18,17.07,13.83,4,1,28,7,14,117.5,53.07,69.27,49.24,94.83,46.74,0,Jeonbuk Motors 1-2 Incheon United,2026-04-21
Bucheon 1995,1.72,3.81,-2.09,1.43,3.05,-1.62,0.29,0.00,0.29,1.72,3.05,-1.33,0,3,-3,-0.91,34.20,45.22,46.22,0.66,0.78,133,9,10,14,15.15,17.95,12.17,7,2,14,4,14,38.7,27.35,138.73,94.21,95.23,44.08,4,Seoul 3-0 Bucheon 1995,2026-04-21
Seoul,3.81,1.72,2.09,3.05,1.43,1.62,0.00,0.29,-0.29,3.05,1.72,1.33,3,0,3,0.91,65.80,54.78,43.78,0.78,0.66,228,10,14,10,17.95,15.15,7.29,2,7,16,1,13,102.8,72.65,8.53,5.79,120.79,55.92,0,Seoul 3-0 Bucheon 1995,2026-04-21
Gangwon,2.59,1.44,1.15,1.83,1.38,0.45,0.00,0.06,-0.06,1.83,1.44,0.39,3,0,3,1.85,38.40,40.73,46.53,0.79,0.82,151,6,11,16,13.92,19.51,11.85,6,10,11,1,18,41.5,28.12,118.8,95.81,128.73,86.83,0,Gimcheon Sangmu 0-3 Gangwon,2026-04-21
Gimcheon Sangmu,1.44,2.59,-1.15,1.38,1.83,-0.45,0.06,0.00,0.06,1.44,1.83,-0.39,0,3,-3,-1.85,61.60,59.27,44.08,0.82,0.79,220,12,16,11,19.51,13.92,6.90,10,6,13,4,8,106.1,71.88,5.2,4.19,19.53,13.17,2,Gimcheon Sangmu 0-3 Gangwon,2026-04-21
Anyang,1.41,1.12,0.29,1.41,1.05,0.36,0.00,0.07,-0.07,1.41,1.12,0.29,1,0,1,0.71,40.50,35.89,46.41,0.56,1.42,163,6,8,12,14.29,8.45,11.03,4,4,10,3,18,51.0,25.64,73.33,70.02,43.07,33.31,2,Pohang Steelers 0-1 Anyang,2026-04-19
Pohang Steelers,1.12,1.41,-0.29,1.05,1.41,-0.36,0.07,0.00,0.07,1.12,1.41,-0.29,0,1,-1,-0.71,59.50,64.11,50.67,1.42,0.56,266,19,12,8,8.45,14.29,8.51,4,4,25,4,9,147.9,74.36,31.4,29.98,86.23,66.69,0,Pohang Steelers 0-1 Anyang,2026-04-19
Gwangju,0.95,4.41,-3.46,0.95,2.48,-1.53,0.00,0.41,-0.41,0.95,2.89,-1.94,1,5,-4,-0.54,52.00,59.19,48.82,1.03,1.7,218,16,8,17,7.77,10.0,12.57,6,6,14,2,16,97.2,51.9,72.53,67.7,93.24,50.93,0,Ulsan HD 5-1 Gwangju,2026-04-19
Ulsan HD,4.41,0.95,3.46,2.48,0.95,1.53,0.41,0.00,0.41,2.89,0.95,1.94,5,1,4,0.54,48.00,40.81,41.89,1.7,1.03,148,16,17,8,10.0,7.77,13.96,6,6,18,3,7,90.1,48.1,34.6,32.3,89.82,49.07,0,Ulsan HD 5-1 Gwangju,2026-04-19
Incheon United,1.05,1.25,-0.20,0.82,1.25,-0.43,0.23,0.00,0.23,1.05,1.25,-0.20,2,2,0,0.20,53.60,35.4,40.58,0.57,0.66,134,15,13,14,22.81,21.21,11.32,1,5,17,5,13,55.0,30.2,37.33,33.67,57.43,34.56,1,Bucheon 1995 2-2 Incheon United,2026-04-18
Bucheon 1995,1.25,1.05,0.20,1.25,0.82,0.43,0.00,0.23,-0.23,1.25,1.05,0.20,2,2,0,-0.20,46.40,64.6,51.49,0.66,0.57,221,8,14,13,21.21,22.81,13.35,5,1,18,2,11,127.1,69.8,73.53,66.33,108.73,65.44,2,Bucheon 1995 2-2 Incheon United,2026-04-18
Gimcheon Sangmu,0.52,1.19,-0.67,0.50,1.19,-0.69,0.02,0.00,0.02,0.52,1.19,-0.67,1,1,0,0.67,64.60,66.27,45.44,0.49,0.88,259,8,6,7,12.24,7.95,6.45,5,3,15,4,23,82.6,73.75,5.07,4.46,37.23,30.58,0,Jeju FC 1-1 Gimcheon Sangmu,2026-04-18
Jeju FC,1.19,0.52,0.67,1.19,0.50,0.69,0.00,0.02,-0.02,1.19,0.52,0.67,1,1,0,-0.67,35.40,33.73,42.65,0.88,0.49,121,8,7,6,7.95,12.24,11.70,3,5,9,1,17,29.4,26.25,108.53,95.54,84.5,69.42,1,Jeju FC 1-1 Gimcheon Sangmu,2026-04-18
Daejeon Hana Citizen,2.00,2.00,0.00,1.94,1.91,0.03,0.06,0.09,-0.03,2.00,2.00,0.00,1,0,1,1.00,40.90,41.04,44.55,0.75,1.35,147,11,9,13,12.0,9.63,14.23,6,8,14,6,18,42.5,28.5,75.87,78.54,75.8,61.39,2,Seoul 0-1 Daejeon Hana Citizen,2026-04-18
Seoul,2.00,2.00,0.00,1.91,1.94,-0.03,0.09,0.06,0.03,2.00,2.00,0.00,0,1,-1,-1.00,59.10,58.96,46.47,1.35,0.75,223,16,13,9,9.63,12.0,8.82,8,6,22,5,2,106.6,71.5,20.73,21.46,47.67,38.61,1,Seoul 0-1 Daejeon Hana Citizen,2026-04-18
Jeonbuk Motors,4.53,0.95,3.58,4.13,0.53,3.60,0.40,0.42,-0.02,4.53,0.95,3.58,1,1,0,-3.58,59.10,47.37,42.67,0.78,0.51,168,15,18,11,23.08,21.57,7.22,3,11,18,5,13,93.4,51.66,22.4,19.87,59.33,35.51,1,Gangwon 1-1 Jeonbuk Motors,2026-04-18
Gangwon,0.95,4.53,-3.58,0.53,4.13,-3.60,0.42,0.40,0.02,0.95,4.53,-3.58,1,1,0,3.58,40.90,52.63,53.34,0.51,0.78,190,6,11,18,21.57,23.08,9.41,11,3,19,5,19,87.4,48.34,90.33,80.13,107.77,64.49,1,Gangwon 1-1 Jeonbuk Motors,2026-04-18
Seoul,3.10,3.65,-0.55,2.87,3.37,-0.50,0.23,0.28,-0.05,3.10,3.65,-0.55,4,1,3,3.55,50.30,42.01,45.65,0.8,1.03,210,16,15,26,18.75,25.24,14.57,3,11,13,4,12,103.7,39.25,57.47,49.06,112.8,49.47,0,Ulsan HD 1-4 Seoul,2026-04-15
Ulsan HD,3.65,3.10,0.55,3.37,2.87,0.50,0.28,0.23,0.05,3.65,3.10,0.55,1,4,-3,-3.55,49.70,57.99,49.30,1.03,0.8,248,15,26,15,25.24,18.75,9.95,11,3,24,8,7,160.5,60.75,59.67,50.94,115.2,50.53,3,Ulsan HD 1-4 Seoul,2026-04-15
Anyang,1.60,1.81,-0.21,1.20,1.14,0.06,0.40,0.67,-0.27,1.60,1.81,-0.21,1,1,0,0.21,30.80,26.76,45.60,0.29,1.85,109,13,14,19,48.28,10.27,23.06,3,4,13,5,6,42.9,15.16,105.53,91.24,67.8,36.26,3,Gimcheon Sangmu 1-1 Anyang,2026-04-12
Gimcheon Sangmu,1.81,1.60,0.21,1.14,1.20,-0.06,0.67,0.40,0.27,1.81,1.60,0.21,1,1,0,-0.21,69.20,73.24,54.26,1.85,0.29,356,23,19,14,10.27,48.28,10.79,4,3,32,12,10,240.1,84.84,10.13,8.76,119.2,63.74,0,Gimcheon Sangmu 1-1 Anyang,2026-04-12
Gangwon,1.46,0.62,0.84,1.45,0.57,0.88,0.00,0.05,-0.05,1.46,0.62,0.84,2,0,2,1.16,45.50,55.59,49.92,0.53,0.43,252,5,14,6,26.42,13.95,11.07,8,8,18,2,18,132.5,70.52,90.93,75.11,175.03,92.29,0,Daejeon Hana Citizen 0-2 Gangwon,2026-04-12
Daejeon Hana Citizen,0.62,1.46,-0.84,0.57,1.45,-0.88,0.05,0.00,0.05,0.62,1.46,-0.84,0,2,-2,-1.16,54.50,44.41,42.97,0.43,0.53,210,7,6,14,13.95,26.42,10.37,8,8,20,3,9,55.4,29.48,30.13,24.89,14.63,7.71,0,Daejeon Hana Citizen 0-2 Gangwon,2026-04-12
Ulsan HD,2.26,1.45,0.81,2.26,1.33,0.93,0.00,0.13,-0.13,2.26,1.45,0.81,2,1,1,0.19,45.50,46.56,44.83,0.87,0.89,192,9,13,13,14.94,14.61,25.25,3,4,13,3,13,110.4,46.23,116.27,73.62,176.33,69.38,0,Incheon United 1-2 Ulsan HD,2026-04-11
Incheon United,1.45,2.26,-0.81,1.33,2.26,-0.93,0.13,0.00,0.13,1.45,2.26,-0.81,1,2,-1,-0.19,54.50,53.44,43.37,0.89,0.87,240,14,13,13,14.61,14.94,14.34,4,3,15,3,8,128.4,53.77,41.67,26.38,77.83,30.62,1,Incheon United 1-2 Ulsan HD,2026-04-11
Bucheon 1995,1.54,1.01,0.53,1.51,0.99,0.52,0.03,0.03,0.00,1.54,1.01,0.53,1,0,1,0.47,50.60,43.03,41.22,0.12,1.09,165,5,8,12,66.67,11.01,21.38,4,6,10,1,4,44.6,32.63,67.73,42.21,63.23,35.14,1,Gwangju 0-1 Bucheon 1995,2026-04-11
Gwangju,1.01,1.54,-0.53,0.99,1.51,-0.52,0.03,0.03,0.00,1.01,1.54,-0.53,0,1,-1,-0.47,49.40,56.97,48.60,1.09,0.12,239,11,12,8,11.01,66.67,24.70,6,4,22,3,10,92.1,67.37,92.73,57.79,116.73,64.86,0,Gwangju 0-1 Bucheon 1995,2026-04-11
Jeonbuk Motors,1.04,1.41,-0.37,0.98,1.41,-0.43,0.06,0.00,0.06,1.04,1.41,-0.37,0,1,-1,-0.63,47.10,54.32,42.23,0.57,0.91,154,5,9,8,15.79,8.79,12.68,4,6,16,1,15,87.7,60.52,72.87,60.73,129.73,63.83,2,Seoul 1-0 Jeonbuk Motors,2026-04-11
Seoul,1.41,1.04,0.37,1.41,0.98,0.43,0.00,0.06,-0.06,1.41,1.04,0.37,1,0,1,0.63,52.90,45.68,42.20,0.91,0.57,153,8,8,9,8.79,15.79,10.45,6,4,10,1,12,57.2,39.48,47.13,39.28,73.5,36.17,1,Seoul 1-0 Jeonbuk Motors,2026-04-11
Jeju FC,1.10,2.86,-1.76,1.00,2.85,-1.85,0.10,0.01,0.09,1.10,2.86,-1.76,2,0,2,3.76,26.40,23.31,37.46,0.29,0.83,67,5,5,17,17.24,20.48,16.97,4,6,4,1,15,16.3,7.74,157.47,99.37,102.6,81.99,1,Pohang Steelers 0-2 Jeju FC,2026-04-11
Pohang Steelers,2.86,1.10,1.76,2.85,1.00,1.85,0.01,0.10,-0.09,2.86,1.10,1.76,0,2,-2,-3.76,73.60,76.69,49.51,0.83,0.29,349,17,17,5,20.48,17.24,6.59,6,4,26,3,12,194.2,92.26,1.0,0.63,22.53,18.01,11,Pohang Steelers 0-2 Jeju FC,2026-04-11
Gimcheon Sangmu,1.05,3.30,-2.25,0.99,2.41,-1.42,0.06,0.13,-0.07,1.05,2.54,-1.49,1,2,-1,1.25,57.80,61.74,47.42,0.84,0.56,243,15,8,16,9.52,28.57,10.50,7,5,19,6,19,96.2,54.01,51.2,47.97,78.33,44.07,0,Incheon United 2-1 Gimcheon Sangmu,2026-04-05
Incheon United,3.30,1.05,2.25,2.41,0.99,1.42,0.13,0.06,0.07,2.54,1.05,1.49,2,1,1,-1.25,42.20,38.26,40.00,0.56,0.84,116,13,16,8,28.57,9.52,12.75,5,7,18,4,8,81.9,45.99,55.53,52.03,99.43,55.93,0,Incheon United 2-1 Gimcheon Sangmu,2026-04-05
Seoul,0.53,1.72,-1.19,0.34,1.03,-0.69,0.19,0.69,-0.50,0.53,1.72,-1.19,1,1,0,1.19,57.00,53.21,49.83,0.66,0.35,211,13,9,8,13.64,22.86,7.14,5,2,25,9,19,84.6,53.38,43.0,44.79,78.03,54.05,1,Anyang 1-1 Seoul,2026-04-05
Anyang,1.72,0.53,1.19,1.03,0.34,0.69,0.69,0.19,0.50,1.72,0.53,1.19,1,1,0,-1.19,43.00,46.79,45.38,0.35,0.66,143,7,8,9,22.86,13.64,10.39,2,5,17,4,15,73.9,46.62,53.0,55.21,66.33,45.95,2,Anyang 1-1 Seoul,2026-04-05
Gwangju,0.03,3.47,-3.44,0.00,3.01,-3.01,0.03,0.46,-0.43,0.03,3.47,-3.44,0,3,-3,0.44,55.80,24.81,32.88,0.13,1.04,78,1,1,19,7.69,18.27,7.05,2,21,5,2,16,4.2,2.37,12.47,9.5,0.0,0.0,0,Gangwon 3-0 Gwangju,2026-04-04
Gangwon,3.47,0.03,3.44,3.01,0.00,3.01,0.46,0.03,0.43,3.47,0.03,3.44,3,0,3,-0.44,44.20,75.19,54.41,1.04,0.13,255,21,19,1,18.27,7.69,7.04,21,2,23,8,23,173.0,97.63,118.73,90.5,422.13,100.0,0,Gangwon 3-0 Gwangju,2026-04-04
Daejeon Hana Citizen,0.99,3.83,-2.84,0.46,2.45,-1.99,0.52,0.63,-0.11,0.99,3.07,-2.08,0,1,-1,1.84,39.50,40.93,45.65,0.36,1.2,143,9,9,14,25.0,11.67,14.07,5,3,14,5,14,43.4,29.38,99.53,80.88,60.4,41.09,0,Pohang Steelers 1-0 Daejeon Hana Citizen,2026-04-04
Pohang Steelers,3.83,0.99,2.84,2.45,0.46,1.99,0.63,0.52,0.11,3.07,0.99,2.08,1,0,1,-1.84,60.50,59.07,46.59,1.2,0.36,226,16,14,9,11.67,25.0,8.71,3,5,20,8,15,104.3,70.62,23.53,19.12,86.6,58.91,7,Pohang Steelers 1-0 Daejeon Hana Citizen,2026-04-04
Ulsan HD,1.68,1.96,-0.28,1.68,0.98,0.70,0.00,0.98,-0.98,1.68,1.96,-0.28,0,2,-2,-1.72,46.50,50.94,49.94,1.18,0.57,223,16,14,11,11.86,19.3,16.83,2,8,21,5,10,122.5,53.54,87.47,59.77,114.93,50.86,0,Jeonbuk Motors 2-0 Ulsan HD,2026-04-04
Jeonbuk Motors,1.96,1.68,0.28,0.98,1.68,-0.70,0.98,0.00,0.98,1.96,1.68,0.28,2,0,2,1.72,53.50,49.06,45.94,0.57,1.18,212,13,11,14,19.3,11.86,10.53,8,2,14,3,12,106.3,46.46,58.87,40.23,111.03,49.14,2,Jeonbuk Motors 2-0 Ulsan HD,2026-04-04
Bucheon 1995,0.35,1.30,-0.95,0.26,1.30,-1.04,0.08,0.00,0.08,0.35,1.30,-0.95,0,1,-1,-0.05,54.60,58.44,46.84,0.86,0.43,203,13,4,10,4.65,23.26,8.95,7,8,19,7,12,68.3,58.88,48.33,46.77,58.53,48.97,1,Jeju FC 1-0 Bucheon 1995,2026-04-04
Jeju FC,1.30,0.35,0.95,1.30,0.26,1.04,0.00,0.08,-0.08,1.30,0.35,0.95,1,0,1,0.05,45.40,41.56,44.09,0.43,0.86,159,6,10,4,23.26,4.65,10.69,8,7,6,1,12,47.7,41.12,55.0,53.23,61.0,51.03,3,Jeju FC 1-0 Bucheon 1995,2026-04-04
Gangwon,0.36,2.40,-2.04,0.22,2.31,-2.09,0.14,0.09,0.05,0.36,2.40,-2.04,0,1,-1,1.04,44.90,52.94,50.86,0.43,0.53,183,10,6,14,13.95,26.42,10.06,4,3,20,7,17,80.3,47.12,90.6,75.96,125.97,60.19,0,Pohang Steelers 1-0 Gangwon,2026-03-28
Pohang Steelers,2.40,0.36,2.04,2.31,0.22,2.09,0.09,0.14,-0.05,2.40,0.36,2.04,1,0,1,-1.04,55.10,47.06,46.25,0.53,0.43,182,15,14,6,26.42,13.95,9.48,3,4,20,8,8,90.1,52.88,28.67,24.04,83.33,39.81,4,Pohang Steelers 1-0 Gangwon,2026-03-28
Bucheon 1995,1.10,0.69,0.41,0.99,0.60,0.39,0.11,0.08,0.03,1.10,0.69,0.41,0,0,0,-0.41,50.20,58.78,49.87,0.7,0.27,209,9,13,11,18.57,40.74,13.28,4,3,24,4,9,135.0,68.15,45.73,36.53,120.43,59.41,0,Pohang Steelers 0-0 Bucheon 1995,2026-03-22
Pohang Steelers,0.69,1.10,-0.41,0.60,0.99,-0.39,0.08,0.11,-0.03,0.69,1.10,-0.41,0,0,0,0.41,49.80,41.22,43.48,0.27,0.7,155,10,11,13,40.74,18.57,13.48,3,4,17,7,11,63.1,31.85,79.47,63.47,82.27,40.59,6,Pohang Steelers 0-0 Bucheon 1995,2026-03-22
Jeju FC,0.35,2.10,-1.75,0.31,1.24,-0.93,0.04,0.10,-0.06,0.35,1.34,-0.99,1,1,0,1.75,27.20,17.54,40.28,0.11,1.6,78,3,6,16,54.55,10.0,19.65,2,7,11,3,17,17.3,5.12,137.13,97.91,52.37,29.45,3,Gangwon 1-1 Jeju FC,2026-03-22
Gangwon,2.10,0.35,1.75,1.24,0.31,0.93,0.10,0.04,0.06,1.34,0.35,0.99,1,1,0,-1.75,72.80,82.46,55.52,1.6,0.11,441,23,16,6,10.0,54.55,6.52,7,2,42,11,6,320.6,94.88,2.93,2.09,125.47,70.55,1,Gangwon 1-1 Jeju FC,2026-03-22
Incheon United,1.89,0.50,1.39,1.86,0.39,1.47,0.03,0.11,-0.08,1.89,0.50,1.39,1,0,1,-0.39,69.10,60.33,48.60,0.42,0.34,310,13,12,6,28.57,17.65,8.62,6,5,21,7,6,154.8,78.66,12.27,7.25,76.5,42.62,1,Anyang 0-1 Incheon United,2026-03-22
Anyang,0.50,1.89,-1.39,0.39,1.86,-1.47,0.11,0.03,0.08,0.50,1.89,-1.39,0,1,-1,0.39,30.90,39.67,48.07,0.34,0.42,135,7,6,12,17.65,28.57,18.34,5,6,10,2,15,42.0,21.34,156.87,92.75,103.0,57.38,1,Anyang 0-1 Incheon United,2026-03-22
Gimcheon Sangmu,1.08,1.61,-0.53,1.01,1.60,-0.59,0.07,0.01,0.06,1.08,1.61,-0.53,0,0,0,0.53,62.10,50.93,43.68,0.8,0.77,237,21,10,19,12.5,24.68,7.78,5,7,13,2,21,95.5,43.83,10.47,6.6,59.03,20.89,2,Ulsan HD 0-0 Gimcheon Sangmu,2026-03-22
Ulsan HD,1.61,1.08,0.53,1.60,1.01,0.59,0.01,0.07,-0.06,1.61,1.08,0.53,0,0,0,-0.53,37.90,49.07,49.98,0.77,0.8,198,18,19,10,24.68,12.5,13.43,7,5,19,4,11,122.4,56.17,148.07,93.4,223.53,79.11,1,Ulsan HD 0-0 Gimcheon Sangmu,2026-03-22
Gwangju,0.61,2.44,-1.83,0.51,2.39,-1.88,0.10,0.04,0.06,0.61,2.44,-1.83,0,5,-5,-3.17,47.40,47.26,43.80,0.6,1.4,160,7,8,12,13.33,8.57,12.44,8,7,14,3,13,50.1,34.67,51.4,52.45,45.53,19.19,0,Seoul 5-0 Gwangju,2026-03-22
Seoul,2.44,0.61,1.83,2.39,0.51,1.88,0.04,0.10,-0.06,2.44,0.61,1.83,5,0,5,3.17,52.60,52.74,46.52,1.4,0.6,200,11,12,8,8.57,13.33,8.76,7,8,17,2,13,94.4,65.33,46.6,47.55,191.75,80.81,0,Seoul 5-0 Gwangju,2026-03-22
Jeonbuk Motors,1.43,0.55,0.88,1.00,0.49,0.51,0.43,0.06,0.37,1.43,0.55,0.88,1,0,1,0.12,37.30,44.75,48.44,0.54,1.25,166,13,12,9,22.22,7.2,14.43,7,5,18,6,13,100.6,47.66,131.33,88.42,171.13,86.37,3,Daejeon Hana Citizen 0-1 Jeonbuk Motors,2026-03-21
Daejeon Hana Citizen,0.55,1.43,-0.88,0.49,1.00,-0.51,0.06,0.43,-0.37,0.55,1.43,-0.88,0,1,-1,-0.12,62.70,55.25,48.60,1.25,0.54,296,19,9,12,7.2,22.22,7.49,5,7,23,2,12,110.5,52.34,17.2,11.58,27.0,13.63,2,Daejeon Hana Citizen 0-1 Jeonbuk Motors,2026-03-21
Seoul,1.50,1.96,-0.46,1.43,1.62,-0.19,0.07,0.34,-0.27,1.50,1.96,-0.46,1,0,1,1.46,65.50,68.87,46.63,0.62,0.67,242,12,9,14,14.52,20.9,8.24,2,5,15,6,9,157.5,76.12,26.4,17.2,91.6,58.28,2,Pohang Steelers 0-1 Seoul,2026-03-18
Pohang Steelers,1.96,1.50,0.46,1.62,1.43,0.19,0.34,0.07,0.27,1.96,1.50,0.46,0,1,-1,-1.46,34.50,31.13,43.87,0.67,0.62,117,13,14,9,20.9,14.52,13.83,5,2,8,4,18,49.4,23.88,127.07,82.8,65.57,41.72,4,Pohang Steelers 0-1 Seoul,2026-03-18
Anyang,0.80,1.46,-0.66,0.64,1.46,-0.82,0.16,0.00,0.16,0.80,1.46,-0.66,1,2,-1,-0.34,34.00,34.94,48.74,0.33,0.69,154,14,11,16,33.33,23.19,19.65,8,6,14,3,10,62.2,28.12,149.53,97.39,150.43,84.07,0,Jeonbuk Motors 2-1 Anyang,2026-03-18
Jeonbuk Motors,1.46,0.80,0.66,1.46,0.64,0.82,0.00,0.16,-0.16,1.46,0.80,0.66,2,1,1,0.34,66.00,65.06,49.60,0.69,0.33,341,13,16,11,23.19,33.33,7.85,6,8,24,6,9,159.0,71.88,4.0,2.61,28.5,15.93,0,Jeonbuk Motors 2-1 Anyang,2026-03-18
Ulsan HD,1.51,1.22,0.29,1.32,1.19,0.13,0.20,0.02,0.18,1.51,1.22,0.29,2,0,2,1.71,57.90,52.6,44.22,0.69,0.82,220,13,11,16,15.94,19.51,9.39,7,1,18,8,13,102.0,51.26,20.0,17.53,80.37,43.47,1,Jeju FC 0-2 Ulsan HD,2026-03-18
Jeju FC,1.22,1.51,-0.29,1.19,1.32,-0.13,0.02,0.20,-0.18,1.22,1.51,-0.29,0,2,-2,-1.71,42.10,47.4,49.29,0.82,0.69,190,19,16,11,19.51,15.94,14.19,1,7,25,4,12,97.0,48.74,94.07,82.47,104.53,56.53,2,Jeju FC 0-2 Ulsan HD,2026-03-18
Daejeon Hana Citizen,1.58,2.21,-0.63,1.42,2.04,-0.62,0.17,0.17,0.00,1.58,2.21,-0.63,3,1,2,2.63,50.30,39.13,43.62,0.7,0.99,179,10,9,11,12.86,11.11,10.62,7,2,12,2,16,60.7,33.84,54.53,45.44,61.07,37.22,0,Incheon United 1-3 Daejeon Hana Citizen,2026-03-18
Incheon United,2.21,1.58,0.63,2.04,1.42,0.62,0.17,0.17,0.00,2.21,1.58,0.63,1,3,-2,-2.63,49.70,60.87,43.90,0.99,0.7,179,15,11,9,11.11,12.86,16.78,2,7,32,7,8,118.7,66.16,65.47,54.56,103.0,62.78,1,Incheon United 1-3 Daejeon Hana Citizen,2026-03-18
Gangwon,0.95,0.73,0.22,0.90,0.73,0.17,0.04,0.00,0.04,0.95,0.73,0.22,0,0,0,-0.22,56.90,53.43,45.55,0.33,0.38,245,7,10,9,30.3,23.68,7.19,7,4,13,3,18,61.1,55.19,31.6,28.97,36.0,33.84,0,Bucheon 1995 0-0 Gangwon,2026-03-18
Bucheon 1995,0.73,0.95,-0.22,0.73,0.90,-0.17,0.00,0.04,-0.04,0.73,0.95,-0.22,0,0,0,0.22,43.10,46.57,46.56,0.38,0.33,179,9,9,10,23.68,30.3,13.37,4,7,8,2,14,49.6,44.81,77.47,71.03,70.37,66.16,1,Bucheon 1995 0-0 Gangwon,2026-03-18
Gwangju,2.17,2.17,0.00,1.41,1.73,-0.32,0.00,0.44,-0.44,1.41,2.17,-0.76,1,1,0,0.00,50.10,54.15,50.66,1.05,0.63,259,18,17,17,16.19,26.98,8.30,10,1,27,4,19,125.1,60.43,89.27,62.84,146.87,73.15,0,Gimcheon Sangmu 1-1 Gwangju,2026-03-17
Gimcheon Sangmu,2.17,2.17,0.00,1.73,1.41,0.32,0.44,0.00,0.44,2.17,1.41,0.76,1,1,0,0.00,49.90,45.85,41.78,0.63,1.05,161,14,17,17,26.98,16.19,12.72,1,10,19,8,16,81.9,39.57,52.8,37.16,53.9,26.85,1,Gimcheon Sangmu 1-1 Gwangju,2026-03-17
Incheon United,1.48,0.78,0.70,1.39,0.75,0.64,0.09,0.03,0.06,1.48,0.78,0.70,1,1,0,-0.70,46.50,51.91,43.03,0.76,0.34,167,13,10,8,13.16,23.53,18.08,3,8,15,3,9,75.5,62.04,57.13,51.56,85.27,63.27,3,Pohang Steelers 1-1 Incheon United,2026-03-15
Pohang Steelers,0.78,1.48,-0.70,0.75,1.39,-0.64,0.03,0.09,-0.06,0.78,1.48,-0.70,1,1,0,0.70,53.50,48.09,41.88,0.34,0.76,150,9,8,10,23.53,13.16,10.36,8,3,14,3,14,46.2,37.96,53.67,48.44,49.5,36.73,2,Pohang Steelers 1-1 Incheon United,2026-03-15
Anyang,1.72,1.16,0.56,1.72,0.67,1.05,0.00,0.49,-0.49,1.72,1.16,0.56,1,1,0,-0.56,39.70,29.9,42.90,0.39,1.15,116,5,7,14,17.95,12.17,26.00,3,4,10,4,7,37.1,17.82,58.4,75.45,38.07,22.17,0,Gangwon 1-1 Anyang,2026-03-15
Gangwon,1.16,1.72,-0.56,0.67,1.72,-1.05,0.49,0.00,0.49,1.16,1.72,-0.56,1,1,0,0.56,60.30,70.1,50.68,1.15,0.39,263,19,14,7,12.17,17.95,9.27,4,3,43,14,9,171.1,82.18,19.0,24.55,133.67,77.83,0,Gangwon 1-1 Anyang,2026-03-15
Seoul,3.16,1.21,1.95,2.79,1.21,1.58,0.36,0.00,0.36,3.16,1.21,1.95,2,1,1,-0.95,61.70,56.48,45.96,0.89,0.53,220,20,19,10,21.35,18.87,7.35,8,2,21,8,13,110.3,72.19,10.13,9.14,66.3,45.4,1,Jeju FC 1-2 Seoul,2026-03-15
Jeju FC,1.21,3.16,-1.95,1.21,2.79,-1.58,0.00,0.36,-0.36,1.21,3.16,-1.95,1,2,-1,0.95,38.30,43.52,47.56,0.53,0.89,144,8,10,19,18.87,21.35,12.62,2,8,12,2,19,42.5,27.81,100.67,90.86,79.73,54.6,6,Jeju FC 1-2 Seoul,2026-03-15
Ulsan HD,3.40,0.74,2.66,2.38,0.73,1.65,0.25,0.00,0.25,2.64,0.74,1.90,2,1,1,-1.66,53.40,49.37,46.21,0.73,0.83,210,13,18,11,24.66,13.25,10.90,5,2,14,4,13,105.8,58.61,28.6,27.82,73.7,50.03,1,Bucheon 1995 1-2 Ulsan HD,2026-03-15
Bucheon 1995,0.74,3.40,-2.66,0.73,2.38,-1.65,0.00,0.25,-0.25,0.74,2.64,-1.90,1,2,-1,1.66,46.60,50.63,49.20,0.83,0.73,219,11,11,18,13.25,24.66,12.09,2,5,17,5,15,74.7,41.39,74.2,72.18,73.6,49.97,2,Bucheon 1995 1-2 Ulsan HD,2026-03-15
Gimcheon Sangmu,0.95,2.13,-1.18,0.42,1.97,-1.55,0.53,0.16,0.37,0.95,2.13,-1.18,1,1,0,1.18,44.80,38.1,41.76,0.54,0.96,158,11,10,15,18.52,15.62,16.30,2,8,11,5,14,40.4,22.77,74.33,52.27,70.83,32.6,3,Daejeon Hana Citizen 1-1 Gimcheon Sangmu,2026-03-14
Daejeon Hana Citizen,2.13,0.95,1.18,1.97,0.42,1.55,0.16,0.53,-0.37,2.13,0.95,1.18,1,1,0,-1.18,55.20,61.9,49.01,0.96,0.54,274,16,15,10,15.62,18.52,10.46,8,2,24,6,10,137.0,77.23,67.87,47.73,146.47,67.4,0,Daejeon Hana Citizen 1-1 Gimcheon Sangmu,2026-03-14
Jeonbuk Motors,2.06,0.78,1.28,1.96,0.68,1.28,0.10,0.09,0.01,2.06,0.78,1.28,0,0,0,-1.28,57.80,64.16,49.30,1.35,0.4,248,23,17,6,12.59,15.0,9.05,3,5,29,6,14,185.1,83.49,43.07,32.81,141.97,78.62,1,Gwangju 0-0 Jeonbuk Motors,2026-03-14
Gwangju,0.78,2.06,-1.28,0.68,1.96,-1.28,0.09,0.10,-0.01,0.78,2.06,-1.28,0,0,0,1.28,42.20,35.84,46.79,0.4,1.35,185,7,6,17,15.0,12.59,11.74,5,3,10,2,20,36.6,16.51,88.2,67.19,38.6,21.38,0,Gwangju 0-0 Jeonbuk Motors,2026-03-14
Jeju FC,1.17,2.12,-0.95,0.31,1.14,-0.83,0.10,0.23,-0.13,0.41,1.36,-0.95,1,2,-1,-0.05,50.80,47.81,47.66,0.42,1.04,228,6,6,12,14.29,11.54,9.69,1,5,13,4,14,86.9,41.46,49.73,51.34,83.73,41.6,0,Anyang 2-1 Jeju FC,2026-03-08
Anyang,2.12,1.17,0.95,1.14,0.31,0.83,0.23,0.10,0.13,1.36,0.41,0.95,2,1,1,0.05,49.20,52.19,46.35,1.04,0.42,197,14,12,6,11.54,14.29,10.95,5,1,20,5,11,122.7,58.54,47.13,48.66,117.53,58.4,0,Anyang 2-1 Jeju FC,2026-03-08
Jeonbuk Motors,0.61,1.58,-0.97,0.61,1.58,-0.97,0.00,0.00,0.00,0.61,1.58,-0.97,1,1,0,0.97,49.20,52.51,46.83,0.69,0.74,248,10,5,8,7.25,10.81,11.40,9,1,10,2,12,78.4,43.29,86.07,59.49,92.53,46.99,3,Gimcheon Sangmu 1-1 Jeonbuk Motors,2026-03-08
Gimcheon Sangmu,1.58,0.61,0.97,1.58,0.61,0.97,0.00,0.00,0.00,1.58,0.61,0.97,1,1,0,-0.97,50.80,47.49,43.01,0.74,0.69,202,9,8,5,10.81,7.25,17.65,1,9,13,2,10,102.7,56.71,58.6,40.51,104.37,53.01,1,Gimcheon Sangmu 1-1 Jeonbuk Motors,2026-03-08
Daejeon Hana Citizen,1.07,1.46,-0.39,0.96,0.62,0.34,0.11,0.07,0.04,1.07,0.70,0.37,1,1,0,0.39,68.80,72.38,50.40,0.9,0.46,372,16,13,10,14.44,21.74,13.27,5,2,28,5,7,173.2,82.12,8.93,5.54,87.53,46.18,0,Bucheon 1995 1-1 Daejeon Hana Citizen,2026-03-07
Bucheon 1995,1.46,1.07,0.39,0.62,0.96,-0.34,0.07,0.11,-0.04,0.70,1.07,-0.37,1,1,0,-0.39,31.20,27.62,42.00,0.46,0.9,112,7,10,13,21.74,14.44,21.63,2,5,12,3,8,37.7,17.88,152.4,94.46,102.0,53.82,2,Bucheon 1995 1-1 Daejeon Hana Citizen,2026-03-07
Incheon United,2.57,1.40,1.17,1.75,0.64,1.11,0.06,0.00,0.06,1.81,0.64,1.17,2,3,-1,-2.17,63.30,70.38,49.23,0.95,0.35,336,16,20,6,21.05,17.14,8.82,3,9,31,3,16,237.4,82.37,29.67,16.05,125.43,58.58,0,Gwangju 3-2 Incheon United,2026-03-07
Gwangju,1.40,2.57,-1.17,0.64,1.75,-1.11,0.00,0.06,-0.06,0.64,1.81,-1.17,3,2,1,2.17,36.70,29.62,42.05,0.35,0.95,138,6,6,20,17.14,21.05,13.26,9,3,10,1,14,50.8,17.63,155.2,83.95,88.7,41.42,0,Gwangju 3-2 Incheon United,2026-03-07
Anyang,1.35,2.23,-0.88,0.59,1.46,-0.87,0.00,0.02,-0.02,0.59,1.47,-0.88,1,1,0,0.88,40.60,46.03,47.04,0.56,1.47,174,9,8,16,14.29,10.88,11.00,5,8,17,3,16,83.7,40.79,87.47,68.19,102.63,52.12,1,Daejeon Hana Citizen 1-1 Anyang,2026-03-02
Daejeon Hana Citizen,2.23,1.35,0.88,1.46,0.59,0.87,0.02,0.00,0.02,1.47,0.59,0.88,1,1,0,-0.88,59.40,53.97,48.61,1.47,0.56,255,23,16,8,10.88,14.29,6.67,8,5,24,6,12,121.5,59.21,40.8,31.81,94.27,47.88,1,Daejeon Hana Citizen 1-1 Anyang,2026-03-02
Gwangju,0.92,0.51,0.41,0.92,0.36,0.56,0.00,0.15,-0.15,0.92,0.51,0.41,0,0,0,-0.41,65.90,65.18,49.00,0.97,0.19,316,11,10,6,10.31,31.58,7.50,5,8,23,3,14,132.5,76.28,15.93,10.84,62.9,42.04,0,Jeju FC 0-0 Gwangju,2026-03-01
Jeju FC,0.51,0.92,-0.41,0.36,0.92,-0.56,0.15,0.00,0.15,0.51,0.92,-0.41,0,0,0,0.41,34.10,34.82,45.76,0.19,0.97,136,5,6,10,31.58,10.31,14.79,8,5,13,3,11,41.2,23.72,131.07,89.16,86.73,57.96,0,Jeju FC 0-0 Gwangju,2026-03-01
Bucheon 1995,1.34,1.76,-0.42,0.51,1.65,-1.14,0.07,0.11,-0.04,0.58,1.76,-1.18,3,2,1,1.42,34.00,41.39,46.51,0.63,0.83,135,7,7,12,11.11,14.46,14.40,7,6,9,2,11,34.1,24.22,129.67,94.97,110.33,60.8,4,Jeonbuk Motors 2-3 Bucheon 1995,2026-03-01
Jeonbuk Motors,1.76,1.34,0.42,1.65,0.51,1.14,0.11,0.07,0.04,1.76,0.58,1.18,2,3,-1,-1.42,66.00,58.61,47.00,0.83,0.63,262,15,12,7,14.46,11.11,6.27,6,7,29,4,12,106.7,75.78,6.87,5.03,71.13,39.2,2,Jeonbuk Motors 2-3 Bucheon 1995,2026-03-01
Pohang Steelers,1.28,2.00,-0.72,0.84,2.00,-1.16,0.43,0.00,0.43,1.28,2.00,-0.72,1,1,0,0.72,47.70,40.07,42.48,0.18,1.06,167,8,9,13,50.0,12.26,12.26,7,8,12,4,11,50.8,31.49,94.53,56.4,50.33,31.28,1,Gimcheon Sangmu 1-1 Pohang Steelers,2026-02-28
Gimcheon Sangmu,2.00,1.28,0.72,2.00,0.84,1.16,0.00,0.43,-0.43,2.00,1.28,0.72,1,1,0,-0.72,52.30,59.93,49.15,1.06,0.18,286,17,13,9,12.26,50.0,12.44,8,7,24,2,13,110.5,68.51,73.07,43.6,110.57,68.72,0,Gimcheon Sangmu 1-1 Pohang Steelers,2026-02-28
Gangwon,1.33,1.37,-0.04,1.33,1.37,-0.04,0.00,0.00,0.00,1.33,1.37,-0.04,1,3,-2,-1.96,65.50,74.61,51.29,0.89,0.49,322,12,13,11,14.61,22.45,6.95,11,7,21,2,17,206.1,87.7,15.2,16.99,143.22,66.32,0,Ulsan HD 3-1 Gangwon,2026-02-28
Ulsan HD,1.37,1.33,0.04,1.37,1.33,0.04,0.00,0.00,0.00,1.37,1.33,0.04,3,1,2,1.96,34.50,25.39,38.10,0.49,0.89,93,10,11,13,22.45,14.61,13.26,7,11,7,2,13,28.9,12.3,74.27,83.01,72.74,33.68,0,Ulsan HD 3-1 Gangwon,2026-02-28
Seoul,1.53,1.20,0.33,1.49,0.42,1.07,0.04,0.02,0.02,1.53,0.44,1.09,2,1,1,0.67,44.40,43.19,45.91,0.27,0.32,148,8,12,8,44.44,25.0,11.94,6,10,13,3,17,58.0,45.28,81.73,67.81,109.2,74.61,0,Incheon United 1-2 Seoul,2026-02-28
Incheon United,1.20,1.53,-0.33,0.42,1.49,-1.07,0.02,0.04,-0.02,0.44,1.53,-1.09,1,2,-1,-0.67,55.60,56.81,43.41,0.32,0.27,180,6,8,12,25.0,44.44,7.17,10,6,32,6,14,70.1,54.72,38.8,32.19,37.17,25.39,0,Incheon United 1-2 Seoul,2026-02-28
