league,season,game_week,home_name,away_name,date,homeGoalCount,awayGoalCount,totalGoalCount,team_a_corners,team_b_corners,totalCornerCount,team_a_yellow_cards,team_b_yellow_cards,team_a_red_cards,team_b_red_cards,team_a_shotsOnTarget,team_b_shotsOnTarget,team_a_shotsOffTarget,team_b_shotsOffTarget,team_a_shots,team_b_shots,team_a_fouls,team_b_fouls,team_a_possession,team_b_possession,stadium_name,stadium_location,team_a_cards_num,team_b_cards_num,avg_odds_ft_1,avg_odds_ft_x,avg_odds_ft_2,avg_odds_ft_over15,avg_odds_ft_over25,avg_odds_ft_over35,avg_odds_btts_yes,avg_odds_btts_no,avg_odds_corners_over_85,avg_odds_corners_over_95,avg_odds_corners_under_85,avg_odds_corners_under_95,avg_odds_1st_half_over05,avg_odds_1st_half_over15,avg_odds_1st_half_under05,avg_odds_1st_half_under15,overallGoalCount,ht_goals_team_a,ht_goals_team_b,goals_2hg_team_a,goals_2hg_team_b,GoalCount_2hg,HTGoalCount,winningTeam,no_home_away,btts_potential,goalTimingDisabled,attendance,corner_timings_recorded,card_timings_recorded,team_a_fh_corners,team_b_fh_corners,team_a_2h_corners,team_b_2h_corners,corner_fh_count,corner_2h_count,team_a_fh_cards,team_b_fh_cards,team_a_2h_cards,team_b_2h_cards,total_fh_cards,total_2h_cards,attacks_recorded,team_a_dangerous_attacks,team_b_dangerous_attacks,team_a_attacks,team_b_attacks,team_a_xg,team_b_xg,total_xg,team_a_penalties_won,team_b_penalties_won,team_a_penalty_goals,team_b_penalty_goals,team_a_penalty_missed,team_b_penalty_missed,pens_recorded,goal_timings_recorded,team_a_0_10_min_goals,team_b_0_10_min_goals,team_a_corners_0_10_min,team_b_corners_0_10_min,team_a_cards_0_10_min,team_b_cards_0_10_min,throwins_recorded,team_a_throwins,team_b_throwins,freekicks_recorded,team_a_freekicks,team_b_freekicks,goalkicks_recorded,team_a_goalkicks,team_b_goalkicks,o25_potential,o15_potential,o15HT_potential,o05HT_potential,home_ppg,away_ppg,pre_match_home_ppg,pre_match_away_ppg,pre_match_teamA_overall_ppg,pre_match_teamB_overall_ppg,u25_potential,u15_potential,team_a_xg_prematch,team_b_xg_prematch,total_xg_prematch,matches_completed_minimum,over05,over15,over25,over35,over45,over55,btts,pinnacle_ft_1,pinnacle_ft_x,pinnacle_ft_2,pinnacle_ft_over25,pinnacle_ft_over35,pinnacle_ft_over15,pinnacle_1st_half_under15,pinnacle_1st_half_over15,pinnacle_1st_half_over05,pinnacle_1st_half_under05,pinnacle_btts_yes,pinnacle_btts_no,pinnacle_corners_over_85,pinnacle_corners_under_85,pinnacle_corners_over_95,pinnacle_corners_under_95
Croatia_HNL_2025-2026,2025/2026,1,Lokomotiva Zagreb,HNK Vukovar 1991,2025-08-01 18:00:00,1,0,1,5,2,7,0,3,0,0,5,2,5,8,10,10,17,12,55,45,Stadion Kranjčevićeva,"Kranjčevićeva 4, Zagreb",0,3,1.77,3.4,4.4,1.37,2.0,3.7,1.91,1.85,1.7,2.1,2.05,1.65,1.4,2.99,2.7,1.33,1,1,0,0,0,0,1,1859,0,0,0,834,2,1,3,1,2,1,4,3,0,0,0,3,0,3,1,56,40,104,91,1.39,1.07,2.46,0,0,0,0,0,0,1,1,0,0,2,0,0,0,1,17,17,1,12,17,1,2,7,0,0,0,0,1.57,0.21,0.0,0.0,0.0,0.0,0,0,0.0,0.0,0.0,28,True,False,False,False,False,False,False,1.93,3.34,4.25,2.09,3.65,1.33,,,,,1.89,1.91,1.68,2.08,2.11,1.65
Croatia_HNL_2025-2026,2025/2026,1,Osijek,Dinamo Zagreb,2025-08-02 19:00:00,0,2,2,4,4,8,1,1,0,0,3,6,9,8,12,14,15,9,47,53,Stadion Gradski vrt,"Delnička bb, Osijek",1,1,5.0,3.75,1.6,1.22,1.63,2.56,1.7,2.05,1.49,2.15,2.38,1.85,1.28,2.44,3.3,1.49,2,0,0,0,2,2,0,122,0,0,0,11502,2,1,2,2,2,2,4,4,1,0,0,1,1,1,1,71,79,104,133,1.48,1.88,3.36,0,0,0,0,0,0,1,1,0,0,0,0,0,0,1,23,22,1,9,15,1,11,4,0,0,0,0,1.07,2.07,0.0,0.0,0.0,0.0,0,0,0.0,0.0,0.0,28,True,True,False,False,False,False,False,4.66,4.01,1.69,1.71,2.77,1.23,1.50,2.59,1.31,3.20,1.68,2.20,1.53,2.33,1.89,1.85
Croatia_HNL_2025-2026,2025/2026,1,Rijeka,Slaven Koprivnica,2025-08-03 16:45:00,2,0,2,1,3,4,1,4,0,0,8,2,12,3,20,5,7,16,48,52,Stadion HNK Rijeka,"Rujevica ulica 6B, Rijeka",1,4,1.5,3.9,7.0,1.26,1.99,3.25,2.1,1.7,1.71,2.43,1.97,1.65,1.36,2.8,2.8,1.4,2,0,0,2,0,2,0,1215,0,0,0,5964,2,1,0,1,1,2,1,3,0,2,1,2,2,3,1,68,60,125,123,2.31,0.91,3.22,0,0,0,0,0,0,1,1,0,0,0,0,0,1,1,19,18,1,16,7,1,4,11,0,0,0,0,1.79,0.86,0.0,0.0,0.0,0.0,0,0,0.0,0.0,0.0,28,True,True,False,False,False,False,False,1.51,3.72,7.89,2.02,3.41,1.31,1.39,3.01,1.40,2.96,2.14,1.71,1.69,2.06,2.13,1.64
Croatia_HNL_2025-2026,2025/2026,1,Hajduk Split,Istra 1961,2025-08-03 19:00:00,2,1,3,4,4,8,1,1,0,0,6,3,8,6,14,9,14,17,57,43,Stadion Poljud,"8. Mediteranskih igara 2, Split",1,1,1.72,3.5,4.75,1.33,2.15,3.6,2.0,1.72,1.85,2.38,1.85,1.53,1.42,2.95,2.62,1.35,3,1,0,1,1,2,1,1863,0,0,0,25501,2,1,3,3,1,1,6,2,0,1,1,0,1,1,1,57,32,121,94,1.72,1.02,2.74,1,0,1,0,0,0,1,1,0,0,0,0,0,0,1,21,28,1,16,14,1,10,12,0,0,0,0,2.07,1.21,0.0,0.0,0.0,0.0,0,0,0.0,0.0,0.0,28,True,True,True,False,False,False,True,1.83,3.33,4.90,2.28,4.09,1.41,1.32,3.38,1.47,2.67,2.13,1.72,1.85,1.88,2.35,1.52
Croatia_HNL_2025-2026,2025/2026,1,Varaždin,Gorica,2025-08-04 18:00:00,1,1,2,3,7,10,0,2,0,0,5,3,12,10,17,13,6,11,64,36,,,0,2,1.65,3.55,4.95,1.32,2.1,3.9,2.05,1.73,1.75,2.22,1.95,1.57,1.45,3.04,2.5,1.32,2,0,1,1,0,1,1,-1,0,0,0,1880,2,1,2,3,1,4,5,5,0,0,0,2,0,2,1,81,63,145,80,2.01,1.48,3.5,0,0,0,0,0,0,1,1,0,0,0,0,0,0,1,27,25,1,11,6,1,11,14,0,0,0,0,1.64,1.0,0.0,0.0,0.0,0.0,0,0,0.0,0.0,0.0,28,True,True,False,False,False,False,True,1.76,3.40,5.21,2.29,4.25,1.40,1.32,3.39,1.47,2.66,2.12,1.72,1.96,1.77,2.54,1.45
Croatia_HNL_2025-2026,2025/2026,2,Dinamo Zagreb,HNK Vukovar 1991,2025-08-08 19:00:00,3,0,3,16,6,22,0,2,0,1,11,3,17,6,28,9,9,10,72,28,Stadion Maksimir,"Maksimirska cesta 128, Zagreb",0,4,1.09,6.9,12.0,1.14,1.53,2.12,2.69,1.42,1.67,2.01,1.91,1.67,1.25,2.2,3.42,1.67,3,1,0,2,0,2,1,122,0,0,0,12721,2,1,7,3,9,3,10,12,0,2,0,1,2,1,1,88,42,92,63,3.15,1.08,4.23,0,0,0,0,0,0,1,1,0,0,1,1,0,0,1,22,11,1,10,9,1,6,8,0,0,0,50,2.64,0.21,0.0,0.0,3.0,0.0,50,50,0.0,1.07,1.07,28,True,True,True,False,False,False,False,1.11,8.10,30.33,1.50,2.26,1.16,1.70,2.13,,,3.08,1.37,1.62,2.14,2.08,1.66
Croatia_HNL_2025-2026,2025/2026,2,Istra 1961,Lokomotiva Zagreb,2025-08-09 16:15:00,2,2,4,9,5,14,1,2,0,1,4,5,13,8,17,13,7,14,57,43,Stadion Aldo Drosina,"Marsovo polje, Pula",1,4,1.8,3.4,4.5,1.29,1.95,3.22,1.75,1.86,1.74,2.78,1.98,1.56,1.37,2.75,2.8,1.37,4,0,1,2,1,3,1,-1,0,0,0,3483,2,1,3,1,6,4,4,10,0,1,1,2,1,3,1,75,50,106,79,1.89,1.53,3.42,0,0,0,0,0,0,1,1,0,1,2,0,0,0,1,14,24,1,14,7,1,4,7,0,0,0,0,1.36,0.64,0.0,0.0,0.0,3.0,0,0,0.0,0.0,0.0,28,True,True,True,True,False,False,True,1.56,3.81,6.56,1.92,3.26,1.28,1.40,2.92,1.38,3.02,1.92,1.88,1.77,1.96,2.24,1.57
Croatia_HNL_2025-2026,2025/2026,2,Osijek,Rijeka,2025-08-09 19:00:00,0,0,0,5,3,8,3,4,0,1,3,1,19,10,22,11,19,10,61,39,Stadion Gradski vrt,"Delnička bb, Osijek",3,6,3.2,3.0,2.25,1.33,2.1,3.6,1.77,1.84,1.7,2.43,2.1,1.67,1.4,3.0,2.6,1.36,0,0,0,0,0,0,0,-1,0,0,0,6132,2,1,3,3,2,0,6,2,0,1,3,4,1,7,1,81,56,124,108,2.18,1.18,3.35,0,0,0,0,0,0,1,1,0,0,0,0,0,0,1,26,22,1,10,19,1,9,12,0,50,0,0,1.07,1.14,0.0,0.0,0.0,3.0,50,0,1.48,0.0,1.48,28,False,False,False,False,False,False,False,2.74,3.22,2.68,2.16,3.88,1.35,1.35,3.19,1.43,2.80,1.88,1.92,2.03,1.71,2.53,1.44
Croatia_HNL_2025-2026,2025/2026,2,Slaven Koprivnica,Varaždin,2025-08-10 16:45:00,3,1,4,6,3,9,3,1,0,1,7,1,11,3,18,4,12,9,65,35,,,3,3,2.44,3.2,2.79,1.33,2.07,3.7,1.84,1.87,1.76,2.24,1.95,1.57,1.4,2.9,2.62,1.35,4,1,1,2,0,2,2,1861,0,0,0,2050,2,1,3,1,3,2,4,5,1,2,2,0,3,2,1,70,38,122,101,2.13,0.61,2.75,0,0,0,0,0,0,1,1,0,0,0,0,0,0,1,30,16,1,9,12,1,6,11,0,0,0,0,1.71,1.07,0.0,0.0,0.0,1.0,0,0,0.0,0.0,0.0,28,True,True,True,True,False,False,True,2.39,3.23,3.11,2.16,3.89,1.36,1.35,3.20,1.44,2.78,1.86,1.94,,,,
Croatia_HNL_2025-2026,2025/2026,2,Hajduk Split,Gorica,2025-08-10 19:00:00,2,0,2,5,1,6,1,1,0,1,10,1,13,5,23,6,11,10,66,34,Stadion Poljud,"8. Mediteranskih igara 2, Split",1,3,1.42,4.25,8.2,1.28,2.01,3.52,2.3,1.53,1.83,2.45,1.85,1.49,1.4,2.7,2.8,1.37,2,0,0,2,0,2,0,1863,0,100,0,25302,2,1,1,1,4,0,2,4,1,1,0,1,2,1,1,74,40,131,89,2.68,0.75,3.43,2,0,2,0,0,0,1,1,0,0,0,0,0,0,1,25,13,1,8,11,1,4,8,50,100,0,100,2.07,1.0,3.0,1.0,3.0,1.0,50,0,1.72,1.48,3.2,28,True,True,False,False,False,False,False,1.47,4.20,7.23,2.12,3.73,1.35,1.37,3.08,1.42,2.86,2.25,1.64,1.68,2.07,2.12,1.64
Croatia_HNL_2025-2026,2025/2026,3,HNK Vukovar 1991,Istra 1961,2025-08-15 16:45:00,1,1,2,6,4,10,1,1,0,0,2,5,8,2,10,7,6,8,47,53,Stadion Cibalia,"Hansa Dietricha Genschera 10b, Vinkovci",1,1,3.3,3.1,2.1,1.42,2.23,3.7,1.95,1.75,1.94,2.5,1.75,1.48,1.47,3.0,2.5,1.33,2,1,1,0,0,0,2,-1,0,50,0,1235,2,1,4,2,2,2,6,4,0,1,1,0,1,1,1,62,74,102,124,1.22,1.34,2.56,0,0,0,0,0,0,1,1,0,0,0,2,0,1,1,13,18,1,8,6,1,5,11,50,50,0,50,1.29,1.21,0.0,0.0,0.0,0.5,0,0,0.0,1.02,1.02,28,True,True,False,False,False,False,True,3.81,3.11,2.15,2.31,4.17,1.41,1.34,3.25,1.45,2.74,2.00,1.81,1.95,1.78,2.49,1.46
Croatia_HNL_2025-2026,2025/2026,3,Lokomotiva Zagreb,Gorica,2025-08-16 16:15:00,1,3,4,2,12,14,1,0,0,0,2,5,7,7,9,12,10,13,49,51,Stadion Kranjčevićeva,"Kranjčevićeva 4, Zagreb",1,0,1.81,3.2,4.2,1.33,2.0,3.4,1.91,1.82,1.65,2.05,2.1,1.7,1.4,2.85,2.7,1.37,4,1,0,0,3,3,1,1875,0,25,0,21702,2,1,1,10,1,2,11,3,1,0,0,0,1,0,1,44,64,93,107,1.03,1.57,2.61,1,0,1,0,0,0,1,1,0,0,0,1,1,0,1,19,26,1,12,10,1,7,7,0,50,0,75,1.57,1.0,3.0,0.5,2.0,0.5,100,50,1.39,1.11,2.5,28,True,True,True,True,False,False,True,2.30,3.24,3.27,2.12,3.74,1.35,1.36,3.14,1.42,2.83,1.85,1.96,1.64,2.12,2.09,1.66
Croatia_HNL_2025-2026,2025/2026,3,Rijeka,Dinamo Zagreb,2025-08-16 19:00:00,0,2,2,6,2,8,2,2,0,0,3,3,11,5,14,8,17,19,54,46,Stadion HNK Rijeka,"Rujevica ulica 6B, Rijeka",2,2,4.96,3.2,1.75,1.36,2.1,3.83,2.08,1.63,1.75,2.16,1.91,1.6,1.4,2.9,2.62,1.36,2,0,2,0,0,0,2,122,0,0,0,7076,2,1,4,1,2,1,5,3,0,0,2,2,0,4,1,70,49,105,100,1.6,1.08,2.68,0,1,0,1,0,0,1,1,0,0,0,1,0,0,1,20,16,1,19,16,1,10,8,0,100,0,0,1.79,2.07,3.0,3.0,2.0,3.0,100,0,2.31,1.88,4.19,28,True,True,False,False,False,False,False,4.58,3.21,1.91,2.22,3.99,1.38,1.33,3.29,1.45,2.74,1.96,1.84,1.82,1.92,2.29,1.55
Croatia_HNL_2025-2026,2025/2026,3,Varaždin,Osijek,2025-08-17 16:45:00,0,0,0,8,1,9,4,2,0,0,3,2,11,10,14,12,17,14,42,58,,,4,2,2.45,2.99,2.87,1.42,2.25,3.6,1.85,1.85,1.77,2.25,1.95,1.6,1.5,3.2,2.47,1.29,0,0,0,0,0,0,0,-1,0,50,0,2197,2,1,4,1,4,0,5,4,2,0,2,2,2,4,1,59,54,99,114,1.52,1.3,2.82,0,0,0,0,0,0,1,1,0,0,1,0,0,0,1,16,26,1,14,17,1,10,13,0,50,0,50,1.64,0.71,1.0,0.0,0.5,0.5,50,0,2.01,0.0,2.01,28,False,False,False,False,False,False,False,2.77,3.09,2.75,2.30,4.23,1.38,1.32,3.37,1.47,2.67,1.90,1.90,1.75,1.98,2.21,1.59
Croatia_HNL_2025-2026,2025/2026,3,Hajduk Split,Slaven Koprivnica,2025-08-17 19:00:00,3,0,3,4,2,6,1,2,0,0,6,1,19,4,25,5,8,17,62,38,Stadion Poljud,"8. Mediteranskih igara 2, Split",1,2,1.65,3.65,5.0,1.25,1.88,3.24,1.89,1.87,2.0,2.6,1.73,1.44,1.37,2.7,2.9,1.38,3,0,0,3,0,3,0,1863,0,25,0,23635,2,1,2,0,2,2,2,4,0,0,1,2,0,3,1,66,30,149,101,2.48,0.62,3.1,0,0,0,0,0,0,1,1,0,0,0,0,0,0,1,25,17,1,17,8,1,4,14,25,100,0,25,2.07,0.86,3.0,0.0,3.0,1.5,75,0,2.2,0.91,3.11,28,True,True,True,False,False,False,False,1.65,3.70,5.56,1.98,3.37,1.30,1.40,2.96,1.39,2.98,1.94,1.86,2.02,1.70,2.56,1.43
Croatia_HNL_2025-2026,2025/2026,4,HNK Vukovar 1991,Gorica,2025-08-22 18:00:00,2,2,4,3,5,8,1,3,0,0,3,9,8,13,11,22,16,9,37,63,Stadion Cibalia,"Hansa Dietricha Genschera 10b, Vinkovci",1,3,2.8,2.88,2.48,1.48,2.4,4.45,2.02,1.71,1.85,2.35,1.87,1.51,1.5,3.3,2.4,1.29,4,1,2,1,0,1,3,-1,0,84,0,913,2,1,2,3,1,2,5,3,0,1,1,2,1,3,1,53,70,108,119,1.3,2.52,3.82,0,0,0,0,0,0,1,1,0,0,0,0,0,0,1,16,19,1,9,16,1,8,9,17,100,50,84,1.29,1.0,1.0,1.33,0.33,1.33,84,0,1.22,1.27,2.49,28,True,True,True,True,False,False,True,3.43,3.12,2.28,2.56,4.99,1.48,,,1.55,2.47,2.12,1.70,1.85,1.88,2.35,1.51
Croatia_HNL_2025-2026,2025/2026,4,Slaven Koprivnica,Lokomotiva Zagreb,2025-08-23 16:45:00,1,2,3,6,4,10,1,2,1,0,3,4,16,5,19,9,9,10,59,41,,,3,2,1.75,3.5,4.31,1.25,1.85,3.0,1.68,1.93,1.61,1.85,2.19,1.85,1.35,2.6,3.08,1.42,3,0,1,1,1,2,1,1859,0,100,0,1313,2,1,2,3,4,1,5,5,0,1,2,1,1,3,1,74,40,144,89,1.95,1.14,3.09,0,0,0,0,0,0,1,1,0,1,0,0,0,0,1,22,18,1,10,9,1,6,10,100,100,50,100,1.71,0.64,3.0,1.0,1.0,1.33,0,0,2.13,1.53,3.66,28,True,True,True,False,False,False,True,1.75,3.67,4.79,1.83,3.01,1.25,1.43,2.80,1.36,3.11,1.72,2.08,1.61,2.19,2.01,1.73
Croatia_HNL_2025-2026,2025/2026,4,Dinamo Zagreb,Istra 1961,2025-08-23 19:00:00,3,0,3,7,2,9,2,3,0,0,11,1,12,3,23,4,11,4,66,34,Stadion Maksimir,"Maksimirska cesta 128, Zagreb",2,3,1.27,4.6,8.8,1.19,1.61,2.62,1.95,1.76,1.73,2.2,2.0,1.62,1.29,2.35,3.3,1.56,3,1,0,2,0,2,1,122,0,50,0,11461,2,1,5,2,2,0,7,2,0,0,2,3,0,5,1,80,26,147,69,2.8,0.52,3.32,0,0,0,0,0,0,1,1,1,0,0,0,0,0,1,16,21,1,4,11,1,5,8,75,100,25,100,2.64,1.21,3.0,0.5,3.0,0.67,25,0,3.15,1.18,4.33,28,True,True,True,False,False,False,False,1.27,5.52,10.90,1.62,2.62,1.20,1.55,2.46,,,2.02,1.78,1.61,2.19,2.02,1.72
Croatia_HNL_2025-2026,2025/2026,4,Osijek,Hajduk Split,2025-08-24 16:30:00,0,2,2,9,10,19,0,3,0,0,3,4,9,14,12,18,12,13,55,45,Stadion Gradski vrt,"Delnička bb, Osijek",0,3,3.0,3.0,2.18,1.37,2.1,3.88,1.9,1.8,1.7,2.54,2.02,1.58,1.45,3.0,2.5,1.34,2,0,1,0,1,1,1,1863,0,0,0,11383,2,1,2,6,6,4,8,10,0,0,0,3,0,3,1,87,69,90,87,1.59,1.91,3.5,0,0,0,0,0,0,1,1,0,0,1,2,0,0,1,28,15,1,13,12,1,5,10,0,25,0,0,1.07,1.93,0.5,0.0,0.67,3.0,50,25,1.83,0.0,1.83,28,True,True,False,False,False,False,False,2.98,3.28,2.45,2.22,4.03,1.38,1.33,3.28,1.45,2.73,1.88,1.92,1.81,1.92,2.31,1.53
Croatia_HNL_2025-2026,2025/2026,4,Rijeka,Varaždin,2025-08-24 19:00:00,1,2,3,7,5,12,4,4,0,0,2,6,7,9,9,15,11,20,55,45,Stadion HNK Rijeka,"Rujevica ulica 6B, Rijeka",4,4,1.61,3.75,4.9,1.36,2.05,3.6,1.95,1.72,1.85,2.35,1.91,1.55,1.46,3.19,2.5,1.36,3,1,1,0,1,1,2,1881,0,50,0,4883,2,1,1,2,6,3,3,9,2,3,2,1,5,3,1,35,26,65,54,0.96,1.55,2.51,0,1,0,1,0,0,1,1,1,0,1,1,0,1,1,27,23,1,20,10,1,5,8,50,100,75,75,1.79,1.07,1.5,0.0,1.33,0.67,50,0,1.96,0.61,2.57,28,True,True,True,False,False,False,True,1.68,3.44,5.93,2.26,4.05,1.43,1.32,3.37,1.48,2.65,2.21,1.64,1.83,1.90,2.35,1.51
Croatia_HNL_2025-2026,2025/2026,5,Istra 1961,Gorica,2025-08-29 18:00:00,1,0,1,2,7,9,3,2,0,0,6,3,7,19,13,22,11,9,42,58,Stadion Aldo Drosina,"Marsovo polje, Pula",3,2,1.75,3.4,4.33,1.34,2.07,3.45,1.93,1.8,1.76,2.25,1.95,1.49,1.41,2.9,2.7,1.36,1,0,0,1,0,1,0,1857,0,88,0,2437,-1,1,-1,-1,-1,-1,-1,-1,2,2,1,0,4,1,1,53,70,105,109,1.63,2.1,3.73,0,0,0,0,0,0,1,1,0,0,-1,-1,0,0,1,21,8,1,9,11,1,17,8,75,100,13,88,1.36,1.0,1.0,1.25,0.5,1.25,25,0,1.89,1.58,3.47,28,True,False,False,False,False,False,False,1.78,3.54,4.78,2.10,3.70,1.34,1.36,3.13,1.42,2.85,1.97,1.82,1.77,1.96,2.25,1.56
Croatia_HNL_2025-2026,2025/2026,5,HNK Vukovar 1991,Slaven Koprivnica,2025-08-30 16:45:00,1,2,3,2,4,6,0,2,0,1,5,3,10,6,15,9,9,14,57,43,Stadion Cibalia,"Hansa Dietricha Genschera 10b, Vinkovci",0,4,2.9,3.1,2.3,1.3,2.0,3.6,1.8,1.95,1.87,3.05,1.85,1.46,1.4,2.94,2.7,1.35,3,0,1,1,1,2,1,1861,0,50,0,697,2,1,1,2,1,2,3,3,0,1,0,2,1,2,1,113,59,132,103,2.11,1.21,3.32,0,0,0,0,0,0,1,1,0,0,0,1,0,0,1,26,14,1,14,9,1,6,12,50,100,50,50,1.29,0.86,1.0,0.0,0.5,0.75,50,0,1.26,0.76,2.02,28,True,True,True,False,False,False,True,3.12,3.21,2.39,2.16,3.85,1.36,,,,,1.86,1.93,1.88,1.85,2.39,1.50
Croatia_HNL_2025-2026,2025/2026,5,Varaždin,Dinamo Zagreb,2025-08-30 19:00:00,2,2,4,1,10,11,4,2,1,0,3,5,8,15,11,20,13,16,41,59,,,5,2,7.25,4.0,1.43,1.34,2.03,3.5,2.05,1.7,1.64,2.03,2.12,1.69,1.36,2.81,2.69,1.38,4,0,1,2,1,3,1,-1,0,25,0,10477,2,1,0,6,1,4,6,5,1,1,4,1,2,5,1,45,79,101,130,1.24,2.18,3.42,0,1,0,1,0,0,1,1,0,0,0,0,0,0,1,24,25,1,16,12,1,9,7,0,75,25,50,1.64,2.07,1.0,3.0,1.25,3.0,100,25,1.77,1.48,3.25,28,True,True,True,True,False,False,True,7.67,4.47,1.42,1.92,3.25,1.30,,,,,2.21,1.64,1.67,2.09,2.07,1.68
Croatia_HNL_2025-2026,2025/2026,5,Lokomotiva Zagreb,Osijek,2025-08-31 16:15:00,1,1,2,5,3,8,2,0,0,0,6,5,8,12,14,17,20,13,52,48,Stadion Kranjčevićeva,"Kranjčevićeva 4, Zagreb",2,0,3.31,3.5,2.2,1.28,1.91,3.08,1.68,2.0,1.5,2.08,2.38,1.88,1.36,2.69,3.0,1.4,2,0,1,1,0,1,1,-1,0,25,0,561,2,1,0,1,5,2,1,7,0,0,2,0,0,2,1,81,54,115,90,1.89,1.81,3.7,0,0,0,0,0,0,1,1,0,0,0,0,0,0,1,22,13,1,13,20,1,11,10,25,25,0,50,1.57,0.71,1.5,1.0,1.75,0.5,75,75,1.21,1.3,2.51,28,True,True,False,False,False,False,True,3.50,3.50,2.09,1.86,3.07,1.26,1.45,2.75,1.35,3.18,1.67,2.16,1.50,2.41,1.85,1.89
Croatia_HNL_2025-2026,2025/2026,5,Hajduk Split,Rijeka,2025-08-31 19:00:00,2,2,4,6,2,8,1,6,0,0,4,3,11,2,15,5,13,15,61,39,Stadion Poljud,"8. Mediteranskih igara 2, Split",1,6,1.65,3.55,5.0,1.43,2.34,3.9,2.25,1.7,1.91,2.49,1.81,1.47,1.46,3.15,2.53,1.3,4,1,1,1,1,2,2,-1,0,17,0,29112,2,1,2,0,4,2,2,6,0,4,1,2,4,3,1,69,34,133,106,1.73,0.79,2.52,0,0,0,0,0,0,1,1,0,0,0,0,0,0,1,31,17,1,15,13,1,2,9,34,50,0,17,2.07,1.14,3.0,1.0,3.0,1.0,67,50,2.29,1.18,3.47,28,True,True,True,True,False,False,True,1.64,3.44,6.37,2.34,4.33,1.42,1.32,3.36,1.49,2.63,2.16,1.67,1.93,1.80,2.49,1.46
Croatia_HNL_2025-2026,2025/2026,6,Slaven Koprivnica,Istra 1961,2025-09-12 18:00:00,2,1,3,2,6,8,1,1,0,0,5,3,10,6,15,9,10,14,49,51,,,1,1,2.11,3.2,2.8,1.28,2.05,3.4,1.66,1.94,1.85,2.95,1.88,1.53,1.4,2.89,2.8,1.36,3,1,1,1,0,1,2,1861,0,84,0,1513,2,1,1,3,1,3,4,4,0,0,1,1,0,2,1,53,61,122,117,1.69,1.23,2.92,0,0,0,0,0,0,1,1,0,0,1,0,0,0,1,27,38,1,14,10,1,7,12,84,100,42,100,1.71,1.21,1.5,0.33,1.2,1.0,17,0,2.04,0.96,3.0,28,True,True,True,False,False,False,True,2.36,3.20,3.18,2.05,3.58,1.32,1.38,3.02,1.40,2.92,1.78,2.03,1.83,1.88,2.34,1.53
Croatia_HNL_2025-2026,2025/2026,6,Varaždin,Hajduk Split,2025-09-13 15:00:00,2,0,2,3,5,8,0,3,0,0,3,5,9,9,12,14,13,8,26,74,,,0,3,3.84,3.1,1.91,1.41,2.25,4.0,1.95,1.74,1.77,2.25,1.94,1.56,1.48,3.2,2.45,1.31,2,2,0,0,0,0,2,1881,0,34,0,10366,2,1,3,2,0,3,5,3,0,1,0,2,1,2,1,26,81,72,100,1.16,1.82,2.97,0,0,0,0,0,0,1,1,2,0,0,0,0,0,1,23,20,1,8,13,1,13,8,17,84,0,84,1.64,1.93,1.0,3.0,1.2,2.6,84,17,1.59,1.91,3.5,28,True,True,False,False,False,False,False,4.25,3.32,1.93,2.32,4.30,1.41,1.30,3.33,1.49,2.63,2.06,1.75,1.85,1.87,2.34,1.51
Croatia_HNL_2025-2026,2025/2026,6,Rijeka,Lokomotiva Zagreb,2025-09-13 17:45:00,1,1,2,5,4,9,5,2,0,1,3,2,9,10,12,12,10,18,54,46,Stadion HNK Rijeka,"Rujevica ulica 6B, Rijeka",5,3,1.63,3.65,4.7,1.25,1.91,3.05,2.0,1.76,1.64,2.3,2.12,1.69,1.36,2.65,3.0,1.42,2,1,0,0,1,1,1,-1,0,67,0,5497,2,1,2,2,3,2,4,5,1,0,4,3,1,7,1,72,54,118,88,1.49,1.29,2.78,0,0,0,0,0,0,1,1,0,0,0,0,1,0,1,22,20,1,18,10,1,9,10,67,100,34,84,1.79,0.64,1.0,2.0,1.0,1.6,34,0,1.63,1.34,2.97,28,True,True,False,False,False,False,True,1.53,4.50,5.57,1.88,3.20,1.28,1.43,2.83,1.36,3.11,1.96,1.83,,,,
Croatia_HNL_2025-2026,2025/2026,6,Osijek,HNK Vukovar 1991,2025-09-14 15:00:00,4,0,4,7,3,10,1,4,0,0,7,3,11,10,18,13,11,14,56,44,Stadion Gradski vrt,"Delnička bb, Osijek",1,4,1.35,4.25,7.5,1.29,2.02,3.04,1.91,1.8,1.7,2.53,2.11,1.67,1.36,2.85,2.87,1.42,4,2,0,2,0,2,2,1864,0,0,0,4342,2,1,6,1,1,2,7,3,1,0,0,4,1,4,1,81,88,120,129,2.21,1.67,3.88,0,0,0,0,0,0,1,1,0,0,3,0,0,0,1,15,21,1,14,11,1,6,6,25,59,0,67,1.07,0.21,0.33,0.0,0.6,0.4,75,42,1.75,1.07,2.82,28,True,True,True,True,False,False,False,1.40,4.82,7.23,1.83,2.99,1.26,1.45,2.75,1.35,3.19,2.08,1.73,,,,
Croatia_HNL_2025-2026,2025/2026,6,Dinamo Zagreb,Gorica,2025-09-14 17:15:00,1,2,3,5,3,8,3,5,1,0,3,5,10,3,13,8,15,12,74,26,Stadion Maksimir,"Maksimirska cesta 128, Zagreb",5,5,1.17,7.0,14.0,1.13,1.5,2.25,2.43,1.55,1.48,2.07,2.42,1.88,1.25,2.15,3.58,1.62,3,0,1,1,1,2,1,1875,0,30,0,9670,2,1,2,0,3,3,2,6,1,0,3,5,1,8,1,82,35,150,80,1.64,1.12,2.75,0,0,0,0,0,0,1,1,0,0,0,0,1,0,1,23,21,1,12,15,1,6,10,70,90,10,80,2.64,1.0,3.0,1.0,2.6,1.0,30,10,2.97,1.68,4.65,28,True,True,True,False,False,False,True,1.15,8.08,16.12,1.47,2.29,1.14,1.67,2.18,,,2.34,1.56,,,,
Croatia_HNL_2025-2026,2025/2026,7,Hajduk Split,Dinamo Zagreb,2025-09-20 15:00:00,0,2,2,5,5,10,0,3,0,0,2,3,6,11,8,14,5,15,63,37,Stadion Poljud,"8. Mediteranskih igara 2, Split",0,3,3.08,3.1,2.2,1.32,2.15,4.0,1.93,1.85,1.7,2.55,2.0,1.58,1.43,3.0,2.6,1.33,2,0,1,0,1,1,1,122,0,42,0,32212,2,1,0,1,5,4,1,9,0,1,0,2,1,2,1,59,37,97,81,1.08,1.36,2.44,0,0,0,0,0,0,1,1,0,0,0,0,0,0,1,19,24,1,15,5,1,6,9,54,100,29,59,2.07,2.07,2.5,2.33,2.17,2.17,46,0,2.15,1.71,3.86,28,True,True,False,False,False,False,False,3.03,3.10,2.52,2.13,3.79,1.35,1.34,3.25,1.44,2.79,1.83,1.98,1.72,2.00,2.16,1.61
Croatia_HNL_2025-2026,2025/2026,7,Lokomotiva Zagreb,Varaždin,2025-09-20 18:00:00,1,0,1,4,5,9,4,2,0,0,6,1,4,1,10,2,16,14,54,46,Stadion Kranjčevićeva,"Kranjčevićeva 4, Zagreb",4,2,2.75,2.95,2.42,1.3,2.16,3.72,1.84,1.95,1.6,2.04,2.11,1.68,1.4,3.0,2.62,1.33,1,0,0,1,0,1,0,1859,0,84,0,304,2,1,1,3,3,2,4,5,2,0,2,2,2,4,1,48,40,105,87,1.41,0.5,1.91,0,0,0,0,0,0,1,1,0,0,0,3,0,0,1,20,18,1,14,16,1,6,5,67,84,50,100,1.57,1.07,1.33,1.5,1.5,1.5,34,17,1.44,1.08,2.52,28,True,False,False,False,False,False,False,2.89,3.09,2.63,2.17,3.85,1.35,1.35,3.20,1.44,2.78,1.82,1.99,,,,
Croatia_HNL_2025-2026,2025/2026,7,Gorica,Slaven Koprivnica,2025-09-21 15:00:00,2,1,3,3,3,6,2,2,0,1,6,2,4,7,10,9,13,13,52,48,ŠRC Velika Gorica,", Velika Gorica",2,4,2.2,2.98,2.79,1.3,2.1,3.7,1.8,1.91,1.81,2.32,1.89,1.51,1.4,2.9,2.75,1.36,3,2,0,0,1,1,2,1875,0,17,0,1653,2,1,2,1,1,2,3,3,0,1,2,2,1,4,1,50,46,77,79,1.41,1.04,2.46,0,0,0,0,0,0,1,1,0,0,0,1,0,0,1,22,18,1,13,13,1,8,4,34,50,0,17,1.29,0.86,0.0,1.0,1.33,1.5,17,0,0.0,0.91,0.91,28,True,True,True,False,False,False,True,2.28,3.24,3.31,2.11,3.73,1.34,1.37,3.10,1.41,2.89,1.83,1.97,1.80,1.92,2.28,1.54
Croatia_HNL_2025-2026,2025/2026,7,Istra 1961,Osijek,2025-09-21 17:15:00,2,1,3,5,5,10,0,0,0,0,5,3,8,18,13,21,9,9,51,49,Stadion Aldo Drosina,"Marsovo polje, Pula",0,0,2.06,3.2,3.2,1.33,2.02,3.1,1.8,2.03,1.59,2.03,2.16,1.7,1.4,3.0,2.7,1.35,3,0,1,2,0,2,1,1857,0,50,0,2519,2,-1,1,3,4,2,4,6,0,0,0,0,0,0,1,60,58,105,100,1.61,1.95,3.56,0,0,0,0,0,0,1,1,0,0,0,3,-1,-1,1,21,20,1,9,9,1,11,11,25,50,0,50,1.36,0.71,2.0,1.0,0.83,1.0,75,50,1.76,1.55,3.31,28,True,True,True,False,False,False,True,2.12,3.23,3.73,2.07,3.61,1.33,,,,,1.79,2.03,,,,
Croatia_HNL_2025-2026,2025/2026,7,HNK Vukovar 1991,Rijeka,2025-09-22 16:00:00,3,2,5,4,16,20,2,2,0,0,4,6,7,19,11,25,11,10,32,68,Stadion Cibalia,"Hansa Dietricha Genschera 10b, Vinkovci",2,2,5.7,4.3,1.4,1.25,1.8,2.95,1.95,1.75,0.0,0.0,0.0,0.0,1.35,2.56,3.0,1.44,5,1,2,2,0,2,3,19790,0,75,0,1055,2,1,2,8,2,8,10,10,1,0,1,2,1,3,1,40,102,87,133,1.27,2.72,3.99,1,1,1,1,0,0,1,1,0,0,0,3,0,0,1,15,21,1,9,10,1,9,8,59,75,59,75,1.29,1.14,0.67,1.0,0.33,1.0,42,25,1.54,0.98,2.52,28,True,True,True,True,True,False,True,8.13,4.84,1.37,1.79,3.02,1.25,,,,,2.06,1.76,,,,
Croatia_HNL_2025-2026,2025/2026,8,Varaždin,HNK Vukovar 1991,2025-09-26 16:00:00,2,1,3,7,2,9,1,2,0,1,7,6,15,2,22,8,9,13,65,35,,,1,3,1.51,4.24,6.81,1.27,1.96,3.4,2.05,1.77,1.87,2.9,1.83,1.5,1.4,2.8,2.8,1.36,3,2,1,0,0,0,3,1881,0,25,0,1209,2,1,2,0,5,2,2,7,0,2,1,1,2,2,1,81,44,141,115,2.46,1.26,3.72,1,0,1,0,0,0,1,1,0,1,0,0,0,0,1,19,33,1,12,9,1,3,9,46,71,29,88,1.64,0.21,1.5,0.0,1.29,0.71,54,29,1.48,1.27,2.75,28,True,True,True,False,False,False,True,1.47,4.27,6.96,1.95,3.40,1.30,,,,,2.04,1.78,1.89,1.85,,
Croatia_HNL_2025-2026,2025/2026,8,Rijeka,Istra 1961,2025-09-27 14:00:00,0,0,0,10,2,12,3,0,0,0,1,1,18,4,19,5,16,8,52,48,Stadion HNK Rijeka,"Rujevica ulica 6B, Rijeka",3,0,1.9,3.25,3.95,1.26,2.04,3.83,1.85,1.72,1.71,2.15,2.02,1.62,1.41,2.94,2.75,1.36,0,0,0,0,0,0,0,-1,0,63,0,5369,2,1,6,1,4,1,7,5,2,0,1,0,2,1,1,73,52,118,97,1.79,0.77,2.57,0,0,0,0,0,0,1,1,0,0,4,0,0,0,1,38,22,1,8,16,1,8,13,50,100,50,88,1.79,1.21,1.0,0.25,0.86,1.14,50,0,1.59,1.03,2.62,28,False,False,False,False,False,False,False,1.81,3.61,4.51,2.08,3.78,1.34,1.37,3.08,1.41,2.91,1.95,1.85,,,,
Croatia_HNL_2025-2026,2025/2026,8,Hajduk Split,Lokomotiva Zagreb,2025-09-27 16:45:00,2,0,2,0,5,5,2,3,0,0,3,2,4,7,7,9,13,15,45,55,Stadion Poljud,"8. Mediteranskih igara 2, Split",2,3,1.36,4.9,7.62,1.16,1.74,2.86,2.0,1.67,1.51,1.92,2.27,1.78,1.3,2.63,3.15,1.55,2,1,0,1,0,1,1,1863,0,70,0,16768,2,1,0,2,0,3,2,3,0,0,2,3,0,5,1,47,56,104,110,1.0,1.12,2.13,0,0,0,0,0,0,1,1,0,0,0,0,0,0,1,12,19,1,15,13,1,7,5,64,100,10,80,2.07,0.64,2.0,1.67,1.86,1.71,37,0,1.94,1.32,3.26,28,True,True,False,False,False,False,False,1.42,4.69,7.13,1.76,2.92,1.25,1.47,2.67,1.33,3.28,1.99,1.82,,,,
Croatia_HNL_2025-2026,2025/2026,8,Gorica,Osijek,2025-09-28 14:00:00,0,1,1,5,1,6,3,3,1,1,1,3,9,8,10,11,13,15,60,40,ŠRC Velika Gorica,", Velika Gorica",4,4,2.85,3.1,2.3,1.33,2.0,3.44,1.74,1.87,1.59,2.36,2.14,1.7,1.37,2.75,2.8,1.4,1,0,1,0,0,0,1,1864,0,84,0,1427,2,1,1,1,4,0,2,4,1,2,3,2,3,5,1,60,47,96,86,1.14,1.25,2.39,0,0,0,0,0,0,1,1,0,0,1,0,0,0,1,29,32,1,15,13,1,11,5,67,84,50,84,1.29,0.71,3.0,0.67,1.57,0.86,34,17,1.41,1.68,3.09,28,True,False,False,False,False,False,False,2.94,3.24,2.49,1.99,3.39,1.29,1.40,2.93,1.39,3.00,1.73,2.11,,,,
Croatia_HNL_2025-2026,2025/2026,8,Dinamo Zagreb,Slaven Koprivnica,2025-09-28 16:15:00,4,1,5,3,3,6,2,1,0,0,10,3,8,2,18,5,14,15,55,45,Stadion Maksimir,"Maksimirska cesta 128, Zagreb",2,1,1.28,5.0,10.5,1.14,1.52,2.28,2.0,1.69,1.55,2.22,2.3,1.79,1.2,2.22,4.2,1.62,5,2,0,2,1,3,2,122,0,42,0,9012,2,1,2,1,1,2,3,3,2,0,0,1,2,1,1,50,27,114,92,2.2,0.74,2.94,0,0,0,0,0,0,1,1,0,0,1,0,0,0,1,22,21,1,14,14,1,1,9,88,100,13,75,2.64,0.86,2.0,0.75,2.29,1.29,13,0,2.53,0.95,3.48,28,True,True,True,True,True,False,True,1.21,6.66,11.80,1.51,2.39,1.16,1.64,2.24,,,2.13,1.70,1.51,2.37,1.89,1.85
Croatia_HNL_2025-2026,2025/2026,9,Istra 1961,Varaždin,2025-10-03 16:00:00,1,0,1,1,4,5,3,4,0,0,4,5,5,14,9,19,11,14,49,51,Stadion Aldo Drosina,"Marsovo polje, Pula",3,4,2.1,2.9,3.0,1.4,2.17,3.92,1.93,1.79,1.87,2.45,1.83,1.47,1.42,3.2,2.66,1.32,1,0,0,1,0,1,0,1857,0,67,0,1959,2,1,1,0,0,4,1,4,0,1,3,3,1,6,1,43,59,107,107,1.17,1.97,3.14,0,0,0,0,0,0,1,1,0,0,0,0,0,0,1,17,24,1,14,11,1,9,3,67,67,34,67,1.36,1.07,2.33,1.0,1.13,1.5,33,33,1.71,0.89,2.6,28,True,False,False,False,False,False,False,2.29,2.95,3.64,2.26,4.01,1.40,1.32,3.34,1.46,2.69,1.90,1.90,1.89,1.84,2.37,1.50
Croatia_HNL_2025-2026,2025/2026,9,HNK Vukovar 1991,Hajduk Split,2025-10-04 13:45:00,0,1,1,2,8,10,2,2,1,0,2,3,4,12,6,15,17,13,33,67,Stadion Cibalia,"Hansa Dietricha Genschera 10b, Vinkovci",4,2,7.0,4.4,1.38,1.25,1.83,3.1,2.0,1.67,1.51,1.85,2.4,1.85,1.35,2.59,3.1,1.44,1,0,0,0,1,1,0,1863,0,50,0,5961,2,1,1,5,1,3,6,4,2,0,1,2,2,3,1,58,95,120,147,0.95,1.85,2.8,0,0,0,0,0,0,1,1,0,0,0,1,0,0,1,24,18,1,13,17,1,10,4,38,100,63,100,1.29,1.93,1.25,1.5,0.63,2.0,63,0,1.47,1.86,3.33,28,True,False,False,False,False,False,False,7.09,4.20,1.48,1.96,3.37,1.30,1.42,2.85,1.36,3.13,2.15,1.70,1.51,2.34,1.85,1.88
Croatia_HNL_2025-2026,2025/2026,9,Slaven Koprivnica,Osijek,2025-10-04 16:00:00,2,1,3,1,6,7,3,5,1,0,4,4,5,13,9,17,19,17,41,59,,,4,5,2.82,3.16,2.51,1.24,2.0,3.14,1.69,2.0,1.63,2.05,2.13,1.7,1.37,2.94,2.85,1.4,3,1,0,1,1,2,1,1861,0,75,0,1614,2,1,1,4,0,2,5,2,0,0,4,5,0,9,1,51,67,118,120,1.23,1.84,3.07,0,0,0,0,0,0,1,1,1,0,0,1,0,0,1,17,21,1,17,19,1,12,4,63,75,34,88,1.71,0.71,2.0,1.25,1.13,1.13,38,25,1.92,1.58,3.5,28,True,True,True,False,False,False,True,3.18,3.35,2.29,1.95,3.28,1.28,1.41,2.88,1.38,3.05,1.73,2.11,1.62,2.16,2.03,1.71
Croatia_HNL_2025-2026,2025/2026,9,Gorica,Rijeka,2025-10-05 13:45:00,1,3,4,8,3,11,1,1,0,0,6,5,8,8,14,13,9,11,65,35,ŠRC Velika Gorica,", Velika Gorica",1,1,3.0,3.0,2.25,1.4,2.05,4.03,1.93,1.8,1.77,2.78,1.91,1.54,1.44,3.0,2.59,1.33,4,0,1,1,2,3,1,1215,0,59,0,735,2,1,5,2,3,1,7,4,1,0,0,1,1,1,1,49,29,118,79,1.67,1.38,3.05,0,0,0,0,0,0,1,1,0,0,0,0,0,0,1,32,23,1,11,9,1,10,8,59,59,59,84,1.29,1.14,1.5,0.67,1.38,0.88,42,42,1.28,1.56,2.84,28,True,True,True,True,False,False,True,3.54,3.04,2.28,2.41,4.47,1.44,1.33,3.32,1.50,2.60,2.03,1.79,1.78,1.96,2.22,1.58
Croatia_HNL_2025-2026,2025/2026,9,Lokomotiva Zagreb,Dinamo Zagreb,2025-10-05 16:45:00,2,1,3,0,11,11,3,1,0,0,2,8,5,9,7,17,19,17,37,63,Stadion Kranjčevićeva,"Kranjčevićeva 4, Zagreb",3,1,8.54,4.94,1.28,1.14,1.61,2.5,1.8,1.91,1.44,2.04,2.45,1.93,1.28,2.42,3.34,1.57,3,1,0,1,1,2,1,1859,0,38,0,3354,2,1,0,2,0,9,2,9,2,0,1,1,2,2,1,39,92,72,137,0.87,2.3,3.17,1,0,1,0,0,0,1,1,0,0,0,0,0,0,1,24,34,1,16,19,1,9,4,25,75,13,75,1.57,2.07,1.75,2.5,1.5,2.38,75,25,1.43,1.63,3.06,28,True,True,True,False,False,False,True,7.45,4.70,1.41,1.66,2.67,1.21,1.56,2.44,,,1.90,1.90,,,,
Croatia_HNL_2025-2026,2025/2026,10,HNK Vukovar 1991,Lokomotiva Zagreb,2025-10-17 16:00:00,1,1,2,2,8,10,2,1,0,0,3,2,2,13,5,15,13,18,44,56,Stadion Cibalia,"Hansa Dietricha Genschera 10b, Vinkovci",2,1,3.45,3.4,2.05,1.24,1.95,3.25,1.73,2.0,1.64,2.41,2.11,1.68,1.35,2.73,2.9,1.42,2,0,0,1,1,2,0,-1,0,78,0,532,2,1,0,4,2,4,4,6,0,0,2,1,0,3,1,67,90,131,136,1.03,1.74,2.77,0,0,0,0,0,0,1,1,0,0,0,0,0,0,1,21,13,1,18,13,1,12,5,55,90,30,90,1.29,0.64,1.0,1.25,0.56,1.67,45,10,1.37,1.27,2.64,28,True,True,False,False,False,False,True,3.55,3.44,2.09,1.92,3.25,1.28,1.42,2.86,1.37,3.07,1.74,2.09,,,,
Croatia_HNL_2025-2026,2025/2026,10,Slaven Koprivnica,Rijeka,2025-10-18 13:30:00,1,1,2,5,7,12,2,3,0,0,5,3,9,10,14,13,13,12,44,56,,,2,3,3.25,3.16,2.13,1.36,2.05,3.6,1.92,1.91,1.72,2.54,2.01,1.57,1.42,3.05,2.76,1.35,2,0,1,1,0,1,1,-1,0,88,0,1447,2,1,1,6,4,1,7,5,0,1,2,2,1,4,1,55,60,93,115,1.63,1.47,3.1,0,0,0,0,0,0,1,1,0,0,0,1,0,0,1,23,27,1,12,13,1,9,3,88,88,50,88,1.71,1.14,2.25,1.25,1.33,1.11,13,13,1.75,1.52,3.27,28,True,True,False,False,False,False,True,3.93,3.10,2.11,2.25,3.99,1.38,1.34,3.25,1.45,2.75,1.91,1.89,,,,
Croatia_HNL_2025-2026,2025/2026,10,Dinamo Zagreb,Osijek,2025-10-18 16:00:00,2,1,3,4,5,9,2,1,0,0,2,1,7,3,9,4,11,13,49,51,Stadion Maksimir,"Maksimirska cesta 128, Zagreb",2,1,1.3,4.5,7.0,1.21,1.62,2.43,2.0,1.91,1.47,2.03,2.44,1.92,1.3,2.4,3.25,1.5,3,2,0,0,1,1,2,122,0,55,0,13836,2,1,3,2,1,3,5,4,1,0,1,1,1,2,1,68,63,139,122,1.22,0.8,2.01,0,0,0,0,0,0,1,1,1,0,1,0,0,0,1,24,27,1,13,11,1,7,7,70,80,13,90,2.64,0.71,2.25,1.0,2.11,1.0,30,20,2.45,1.63,4.08,28,True,True,True,False,False,False,True,1.32,5.40,8.91,1.64,2.61,1.20,1.56,2.43,,,1.99,1.82,1.46,2.51,1.79,1.94
Croatia_HNL_2025-2026,2025/2026,10,Istra 1961,Hajduk Split,2025-10-19 14:00:00,0,3,3,6,1,7,1,2,0,0,2,6,14,8,16,14,13,17,51,49,Stadion Aldo Drosina,"Marsovo polje, Pula",1,2,3.4,3.05,2.15,1.41,2.38,4.25,2.0,1.7,1.8,2.29,1.94,1.54,1.53,3.2,2.39,1.28,3,0,2,0,1,1,2,1863,0,25,0,8124,2,1,3,1,3,0,4,3,1,1,0,1,2,1,1,74,48,105,101,1.68,1.65,3.34,0,0,0,0,0,0,1,1,0,0,1,0,0,0,1,23,20,1,17,13,1,8,11,25,59,17,59,1.36,1.93,2.5,2.0,1.33,2.11,75,42,1.57,1.86,3.43,28,True,True,True,False,False,False,False,3.48,3.09,2.28,2.48,4.74,1.48,1.31,3.31,1.53,2.52,2.11,1.73,,,,
Croatia_HNL_2025-2026,2025/2026,10,Gorica,Varaždin,2025-10-19 16:15:00,1,3,4,2,3,5,3,4,0,0,4,4,8,4,12,8,7,15,59,41,ŠRC Velika Gorica,", Velika Gorica",3,4,2.55,2.9,2.62,1.42,2.38,4.38,2.0,1.8,1.83,2.8,1.91,1.53,1.49,3.2,2.41,1.29,4,0,2,1,1,2,2,1881,0,59,0,1163,2,1,1,2,1,1,3,2,3,2,0,2,5,2,1,53,35,132,94,1.43,1.05,2.48,1,1,1,1,0,0,1,1,0,1,0,0,1,0,1,17,20,1,14,6,1,4,5,59,59,42,75,1.29,1.07,1.0,0.75,1.22,1.33,42,42,1.41,1.16,2.57,28,True,True,True,True,False,False,True,2.74,2.90,2.95,2.34,4.27,1.40,,,,,1.90,1.90,1.83,1.90,2.31,1.53
Croatia_HNL_2025-2026,2025/2026,11,Gorica,Hajduk Split,2025-10-24 16:00:00,1,3,4,5,6,11,5,2,0,0,3,8,6,5,9,13,15,12,53,47,ŠRC Velika Gorica,", Velika Gorica",5,2,3.85,3.53,1.85,1.38,2.2,4.0,2.06,1.73,1.77,2.73,1.98,1.7,1.44,2.88,2.62,1.33,4,0,1,1,2,3,1,1863,0,38,0,4707,2,1,1,3,3,3,4,6,1,2,4,0,3,4,1,42,40,91,95,1.09,1.67,2.76,0,1,0,1,0,0,1,1,0,1,0,2,0,0,1,28,20,1,12,14,1,8,9,50,75,50,88,1.29,1.93,0.75,2.25,1.1,2.2,50,25,1.41,1.81,3.22,28,True,True,True,True,False,False,True,4.54,3.51,1.83,2.26,4.20,1.39,1.34,3.28,1.45,2.73,2.06,1.76,1.74,1.98,2.18,1.60
Croatia_HNL_2025-2026,2025/2026,11,Lokomotiva Zagreb,Istra 1961,2025-10-25 13:45:00,1,2,3,5,3,8,3,3,0,0,3,2,11,4,14,6,11,13,48,52,Stadion Kranjčevićeva,"Kranjčevićeva 4, Zagreb",3,3,2.3,3.1,3.18,1.3,2.15,3.68,1.75,1.85,1.6,2.1,2.1,1.67,1.4,2.88,2.77,1.38,3,1,1,0,1,1,2,1857,0,60,0,305,2,1,0,1,5,2,1,7,0,1,3,2,1,5,1,74,57,115,126,1.63,0.95,2.58,0,0,0,0,0,0,1,1,0,0,0,0,0,0,1,22,20,1,13,11,1,5,14,50,70,20,80,1.57,1.21,2.0,0.4,1.6,1.2,50,30,1.32,0.98,2.3,28,True,True,True,False,False,False,True,2.45,3.17,3.07,2.15,3.86,1.36,1.35,3.21,1.44,2.78,1.85,1.95,,,,
Croatia_HNL_2025-2026,2025/2026,11,Varaždin,Slaven Koprivnica,2025-10-25 16:00:00,1,3,4,3,2,5,1,3,0,0,2,6,14,8,16,14,11,16,56,44,,,1,3,2.01,3.1,3.3,1.3,1.95,3.7,1.85,1.92,1.8,2.34,1.93,1.49,1.38,3.24,2.8,1.38,4,1,2,0,1,1,3,1861,0,60,0,1346,2,1,2,1,1,1,3,2,0,1,1,2,1,3,1,76,56,132,108,1.7,1.71,3.42,0,0,0,0,0,0,1,1,0,0,0,0,0,0,1,24,20,1,16,11,1,9,10,60,90,40,70,1.64,0.86,1.8,0.6,1.5,1.3,40,10,1.68,0.9,2.58,28,True,True,True,True,False,False,True,2.31,3.16,3.33,2.11,3.75,1.35,,,,,1.83,1.98,,,,
Croatia_HNL_2025-2026,2025/2026,11,Rijeka,Osijek,2025-10-27 15:30:00,4,2,6,6,4,10,1,4,0,1,10,3,14,5,24,8,9,20,55,45,Stadion HNK Rijeka,"Rujevica ulica 6B, Rijeka",1,5,1.85,3.25,3.55,1.33,1.9,3.0,1.8,1.89,1.58,1.97,2.27,1.73,1.4,2.73,2.7,1.39,6,2,1,2,1,3,3,1215,0,54,0,5096,2,1,3,2,3,2,5,5,1,1,0,4,2,4,1,75,47,123,81,2.75,1.06,3.81,0,0,0,0,0,0,1,1,1,1,0,1,0,0,1,20,20,1,20,9,1,7,10,35,74,29,72,1.79,0.71,1.0,0.83,1.1,0.9,65,27,1.63,1.49,3.12,28,True,True,True,True,True,True,True,1.86,3.38,4.55,2.08,3.64,1.34,1.37,3.06,1.41,2.88,1.87,1.93,1.56,2.26,1.97,1.76
Croatia_HNL_2025-2026,2025/2026,11,HNK Vukovar 1991,Dinamo Zagreb,2025-10-27 18:00:00,1,0,1,4,4,8,4,1,0,0,6,4,5,7,11,11,24,12,30,70,Stadion Cibalia,"Hansa Dietricha Genschera 10b, Vinkovci",4,1,9.0,6.1,1.15,1.14,1.41,2.15,2.0,1.8,1.59,2.02,2.19,1.71,1.22,2.11,3.6,1.67,1,0,0,1,0,1,0,19790,0,62,0,6679,2,1,1,1,3,3,2,6,3,0,1,1,3,2,1,72,92,103,176,1.64,1.66,3.3,0,0,0,0,0,0,1,1,0,0,0,0,0,0,1,24,29,1,12,24,1,6,5,45,92,35,74,1.29,2.07,1.0,2.0,0.6,2.2,55,9,1.31,1.76,3.07,28,True,False,False,False,False,False,False,10.48,6.20,1.24,1.44,2.15,1.14,1.71,2.11,,,1.90,1.88,1.66,2.10,2.03,1.71
Croatia_HNL_2025-2026,2025/2026,12,Dinamo Zagreb,Rijeka,2025-11-01 15:00:00,2,1,3,5,6,11,3,5,0,0,5,4,5,8,10,12,12,10,46,54,Stadion Maksimir,"Maksimirska cesta 128, Zagreb",3,5,1.46,3.96,6.15,1.22,1.85,3.2,1.95,1.8,1.56,1.97,2.18,1.73,1.33,2.76,3.1,1.45,3,1,0,1,1,2,1,122,0,70,0,10237,2,1,3,1,2,5,4,7,0,1,3,4,1,7,1,57,60,97,90,1.4,1.47,2.87,0,0,0,0,0,0,1,1,0,0,0,0,0,0,1,17,22,1,10,12,1,14,5,80,90,40,90,2.64,1.14,2.4,1.2,2.0,1.27,20,10,2.2,1.51,3.71,28,True,True,True,False,False,False,True,1.53,4.10,6.19,1.91,3.20,1.28,1.45,2.76,1.35,3.16,2.00,1.81,,,,
Croatia_HNL_2025-2026,2025/2026,12,Istra 1961,HNK Vukovar 1991,2025-11-01 17:45:00,1,1,2,4,8,12,0,1,0,0,4,4,8,9,12,13,10,6,56,44,Stadion Aldo Drosina,"Marsovo polje, Pula",0,1,1.44,3.95,5.75,1.25,1.75,2.88,1.8,1.83,1.69,2.15,2.02,1.64,1.3,2.79,3.2,1.48,2,1,1,0,0,0,2,-1,0,33,0,2209,2,1,4,1,0,7,5,7,0,0,0,1,0,1,1,63,69,106,108,1.5,1.6,3.1,0,0,0,0,0,0,1,1,1,0,2,0,0,0,1,34,20,1,6,10,1,7,7,68,68,35,80,1.36,0.21,2.0,0.0,1.36,0.82,33,33,1.6,1.27,2.87,28,True,True,False,False,False,False,True,1.64,3.68,5.69,1.92,3.24,1.28,1.43,2.80,1.36,3.15,1.90,1.90,,,,
Croatia_HNL_2025-2026,2025/2026,12,Slaven Koprivnica,Hajduk Split,2025-11-02 15:00:00,0,0,0,4,5,9,4,1,1,0,2,2,10,11,12,13,17,11,44,56,,,6,1,3.8,3.4,1.98,1.27,1.92,3.7,1.95,1.75,1.77,2.28,1.92,1.54,1.36,3.05,2.85,1.34,0,0,0,0,0,0,0,-1,0,60,0,3077,2,1,3,4,1,1,7,2,2,1,3,0,3,3,1,41,47,100,95,1.2,1.3,2.5,0,0,0,0,0,0,1,1,0,0,2,1,0,0,1,34,23,1,11,17,1,10,7,60,90,40,90,1.71,1.93,2.0,2.4,1.45,2.27,40,10,1.73,1.78,3.51,28,False,False,False,False,False,False,False,3.93,3.42,1.98,2.20,4.00,1.37,1.34,3.23,1.45,2.75,1.98,1.83,1.80,1.93,2.27,1.56
Croatia_HNL_2025-2026,2025/2026,12,Osijek,Varaždin,2025-11-02 17:15:00,0,0,0,12,2,14,2,1,0,0,2,4,7,10,9,14,16,8,56,44,Stadion Gradski vrt,"Delnička bb, Osijek",2,1,2.0,3.4,3.25,1.28,1.85,3.34,1.8,1.91,1.74,2.52,1.98,1.63,1.4,2.63,2.7,1.41,0,0,0,0,0,0,0,-1,0,30,0,4364,2,1,3,1,9,1,4,10,2,1,0,0,3,0,1,90,57,130,108,1.37,1.58,2.95,0,0,0,0,0,0,1,1,0,0,0,0,0,0,1,19,16,1,8,16,1,8,6,43,68,43,55,1.07,1.07,1.0,1.2,0.82,1.36,58,33,1.86,1.14,3.0,28,False,False,False,False,False,False,False,2.18,3.24,3.54,2.05,3.55,1.32,1.36,3.13,1.43,2.82,1.84,1.97,1.70,2.04,2.14,1.63
Croatia_HNL_2025-2026,2025/2026,12,Gorica,Lokomotiva Zagreb,2025-11-03 17:00:00,4,1,5,3,9,12,3,1,0,0,7,1,3,9,10,10,11,17,33,67,ŠRC Velika Gorica,", Velika Gorica",3,1,2.4,3.13,2.7,1.2,1.93,3.08,1.7,2.09,1.58,2.42,2.15,1.68,1.38,2.84,3.01,1.38,5,3,1,1,0,1,4,1875,0,80,0,882,2,1,2,3,1,6,5,7,1,0,2,1,1,3,1,52,82,101,152,1.5,1.31,2.81,0,0,0,0,0,0,1,1,2,1,0,1,0,0,1,13,15,1,17,11,1,11,5,60,90,20,90,1.29,0.64,0.6,1.2,1.0,1.45,40,10,1.35,1.37,2.72,28,True,True,True,True,True,False,True,2.81,3.44,2.49,2.08,3.73,1.34,1.39,2.99,1.41,2.88,1.81,2.00,,,,
Croatia_HNL_2025-2026,2025/2026,13,Gorica,HNK Vukovar 1991,2025-11-07 17:00:00,1,1,2,4,5,9,2,4,0,1,2,2,13,12,15,14,11,14,52,48,ŠRC Velika Gorica,", Velika Gorica",2,6,1.7,3.25,4.25,1.27,1.97,2.88,1.7,1.95,1.73,2.44,2.0,1.61,1.35,2.75,3.19,1.42,2,0,0,1,1,2,0,-1,0,62,0,400,2,1,1,5,2,0,6,2,1,2,1,3,3,4,1,72,70,122,136,1.61,1.54,3.15,0,0,0,0,0,0,1,1,0,0,0,1,1,0,1,16,17,1,14,11,1,10,13,72,82,55,100,1.29,0.21,1.0,0.2,1.17,0.83,29,19,1.37,1.34,2.71,28,True,True,False,False,False,False,True,1.79,3.61,4.60,1.88,3.16,1.27,1.45,2.74,1.35,3.20,1.78,2.04,1.66,2.08,2.09,1.65
Croatia_HNL_2025-2026,2025/2026,13,Lokomotiva Zagreb,Slaven Koprivnica,2025-11-08 14:00:00,1,1,2,7,3,10,4,2,0,0,8,3,8,6,16,9,20,18,61,39,Stadion Kranjčevićeva,"Kranjčevićeva 4, Zagreb",4,2,2.3,3.4,3.05,1.26,1.95,3.49,1.7,2.05,1.58,2.05,2.15,1.7,1.4,2.99,2.95,1.39,2,0,1,1,0,1,1,-1,0,67,0,322,2,1,1,1,6,2,2,8,1,0,3,2,1,5,1,70,40,134,107,2.08,1.08,3.16,0,0,0,0,0,0,1,1,0,0,1,0,0,0,1,33,18,1,18,20,1,2,5,67,84,34,75,1.57,0.86,1.67,1.0,1.33,1.42,34,17,1.37,1.04,2.41,28,True,True,False,False,False,False,True,2.52,3.25,2.90,2.07,3.61,1.32,1.38,3.05,1.41,2.90,1.78,2.04,1.67,2.08,2.10,1.66
Croatia_HNL_2025-2026,2025/2026,13,Hajduk Split,Osijek,2025-11-08 16:45:00,2,0,2,13,1,14,1,3,0,1,11,1,12,4,23,5,18,21,58,42,Stadion Poljud,"8. Mediteranskih igara 2, Split",1,4,1.55,4.0,6.41,1.26,1.87,3.14,1.85,1.87,1.56,2.0,2.17,1.72,1.36,2.77,2.8,1.38,2,1,0,1,0,1,1,1863,0,52,0,22564,2,1,3,1,10,0,4,10,0,1,1,3,1,4,1,74,30,138,92,2.76,0.62,3.37,0,0,0,0,0,0,1,1,1,0,0,1,0,0,1,21,18,1,21,18,1,5,9,54,86,23,77,2.07,0.71,2.17,0.71,2.17,0.83,47,15,1.78,1.43,3.21,28,True,True,False,False,False,False,False,1.56,3.72,6.72,1.94,3.23,1.28,1.40,2.93,1.38,3.01,1.94,1.85,1.61,2.18,2.02,1.72
Croatia_HNL_2025-2026,2025/2026,13,Istra 1961,Dinamo Zagreb,2025-11-09 15:00:00,2,1,3,2,21,23,6,3,0,0,4,6,2,26,6,32,12,9,35,65,Stadion Aldo Drosina,"Marsovo polje, Pula",6,3,5.86,3.7,1.52,1.24,1.91,2.97,1.85,1.77,1.7,2.53,2.04,1.63,1.35,2.66,2.9,1.41,3,2,0,0,1,1,2,1857,0,42,0,5241,2,1,2,8,0,13,10,13,1,0,5,3,1,8,1,35,113,83,138,0.92,3.24,4.16,0,0,0,0,0,0,1,1,1,0,0,3,0,0,1,12,20,1,9,12,1,14,7,42,75,25,67,1.36,2.07,1.83,1.67,1.33,2.08,59,25,1.58,1.74,3.32,28,True,True,True,False,False,False,True,5.86,4.18,1.55,1.86,3.11,1.27,,,,,1.92,1.88,,,,
Croatia_HNL_2025-2026,2025/2026,13,Varaždin,Rijeka,2025-11-09 17:15:00,1,0,1,2,9,11,1,3,0,0,3,3,6,29,9,32,14,13,33,67,,,1,3,3.2,3.03,2.2,1.32,2.04,3.55,1.95,1.74,1.78,2.54,1.93,1.56,1.48,3.2,2.47,1.31,1,1,0,0,0,0,1,1881,0,75,0,1923,2,1,1,4,1,5,5,6,0,0,1,3,0,4,1,35,83,93,151,1.04,2.82,3.86,0,0,0,0,0,0,1,1,0,0,0,2,0,0,1,17,27,1,13,14,1,11,4,59,83,42,83,1.64,1.14,1.5,1.0,1.33,1.17,42,17,1.68,1.5,3.18,28,True,False,False,False,False,False,False,3.51,3.00,2.32,2.37,4.42,1.42,1.32,3.36,1.48,2.65,1.94,1.86,1.78,1.94,2.21,1.58
Croatia_HNL_2025-2026,2025/2026,14,Slaven Koprivnica,HNK Vukovar 1991,2025-11-21 17:00:00,4,1,5,0,3,3,2,3,0,0,6,3,7,7,13,10,7,12,61,39,,,2,3,1.65,3.65,4.5,1.25,1.91,3.1,1.8,1.84,1.61,2.08,2.09,1.66,1.35,2.62,3.0,1.44,5,2,0,2,1,3,2,1861,0,67,0,555,2,1,0,1,0,2,1,2,0,0,2,3,0,5,1,58,60,126,110,1.67,1.28,2.95,0,0,0,0,0,0,1,1,0,0,0,0,0,0,1,30,37,1,12,6,1,9,7,59,83,42,83,1.71,0.21,1.83,0.33,1.38,0.85,42,17,1.64,1.37,3.01,28,True,True,True,True,True,False,True,1.94,3.30,4.27,1.92,3.20,1.28,,,,,1.74,2.10,,,,
Croatia_HNL_2025-2026,2025/2026,14,Dinamo Zagreb,Varaždin,2025-11-22 14:00:00,3,1,4,5,7,12,2,1,0,0,6,2,7,7,13,9,11,13,51,49,Stadion Maksimir,"Maksimirska cesta 128, Zagreb",2,1,1.28,4.6,9.4,1.16,1.66,2.6,1.95,1.75,1.53,1.95,2.25,1.76,1.29,2.47,3.22,1.45,4,2,0,1,1,2,2,122,0,59,0,4022,2,1,4,6,1,1,10,2,0,1,2,0,1,2,1,73,56,119,94,1.77,1.12,2.89,0,0,0,0,0,0,1,1,0,0,0,4,0,0,1,25,23,1,13,11,1,5,4,75,75,42,75,2.64,1.07,2.5,1.17,1.92,1.46,25,25,2.07,1.21,3.28,28,True,True,True,True,False,False,True,1.32,5.31,9.16,1.65,2.61,1.21,1.53,2.50,,,2.06,1.76,1.55,2.30,1.93,1.79
Croatia_HNL_2025-2026,2025/2026,14,Rijeka,Hajduk Split,2025-11-22 17:00:00,5,0,5,3,8,11,0,0,0,0,5,3,8,6,13,9,19,7,31,69,Stadion HNK Rijeka,"Rujevica ulica 6B, Rijeka",0,0,2.6,2.8,2.75,1.43,2.5,4.7,2.05,1.7,1.58,2.5,2.15,1.69,1.5,3.44,2.4,1.24,5,3,0,2,0,2,3,1215,0,34,0,6554,2,-1,3,3,0,5,6,5,0,0,0,0,0,0,1,58,57,92,99,1.59,1.2,2.79,0,0,0,0,0,0,1,1,1,0,0,0,-1,-1,1,20,25,1,7,19,1,11,3,33,75,42,67,1.79,1.93,1.33,2.17,1.08,2.23,67,25,1.82,1.7,3.52,28,True,True,True,True,True,False,False,2.79,2.86,2.93,2.46,4.46,1.47,,,1.51,2.55,1.99,1.82,1.64,2.12,2.06,1.68
Croatia_HNL_2025-2026,2025/2026,14,Osijek,Lokomotiva Zagreb,2025-11-23 15:00:00,1,1,2,3,6,9,3,1,1,0,3,8,5,16,8,24,12,15,35,65,Stadion Gradski vrt,"Delnička bb, Osijek",4,1,2.19,3.3,3.5,1.23,2.05,3.0,1.8,1.93,1.48,2.04,2.45,1.89,1.4,2.85,2.75,1.4,2,0,1,1,0,1,1,-1,0,42,0,2742,2,1,3,3,0,3,6,3,3,1,1,0,4,1,1,50,102,106,158,1.09,2.81,3.9,0,1,0,1,0,0,1,1,0,0,0,0,1,0,1,22,25,1,15,11,1,10,4,35,80,19,62,1.07,0.64,1.0,1.0,0.77,1.31,65,20,1.77,1.36,3.13,28,True,True,False,False,False,False,True,2.24,3.19,3.45,2.13,3.69,1.35,1.36,3.14,1.43,2.82,1.86,1.93,1.48,2.44,1.83,1.91
Croatia_HNL_2025-2026,2025/2026,14,Gorica,Istra 1961,2025-11-23 17:15:00,1,0,1,2,2,4,3,2,0,0,6,5,6,9,12,14,9,13,43,57,ŠRC Velika Gorica,", Velika Gorica",3,2,2.35,3.24,2.9,1.35,2.05,3.8,1.75,1.95,1.68,2.48,2.06,1.65,1.42,2.98,2.8,1.33,1,1,0,0,0,0,1,1875,0,77,0,463,2,1,0,1,2,1,1,3,1,2,2,0,3,2,1,29,58,100,111,1.4,1.66,3.05,0,0,0,0,0,0,1,1,0,0,0,1,0,1,1,20,21,1,13,9,1,12,3,69,85,47,85,1.29,1.21,1.0,0.83,1.15,1.46,31,16,1.41,0.97,2.38,28,True,False,False,False,False,False,False,2.38,3.19,3.17,2.09,3.68,1.34,1.37,3.10,1.42,2.86,1.79,2.02,1.72,2.00,2.18,1.60
Croatia_HNL_2025-2026,2025/2026,15,HNK Vukovar 1991,Osijek,2025-11-28 17:00:00,2,2,4,4,10,14,0,2,0,0,3,9,9,9,12,18,9,21,51,49,Stadion Cibalia,"Hansa Dietricha Genschera 10b, Vinkovci",0,2,3.11,3.28,2.29,1.3,1.96,3.3,1.7,2.04,1.57,2.29,2.17,1.72,1.36,2.91,2.73,1.41,4,0,1,2,1,3,1,-1,0,67,0,1100,2,1,0,6,4,4,6,8,0,1,0,1,1,1,1,77,77,131,127,1.53,2.32,3.86,0,0,0,0,0,0,1,1,0,0,0,2,0,0,1,21,23,1,21,9,1,4,10,47,73,34,73,1.29,0.71,1.29,0.63,0.79,0.79,54,27,1.36,1.33,2.69,28,True,True,True,True,False,False,True,3.15,3.11,2.44,1.96,3.27,1.29,1.41,2.89,1.38,3.03,1.68,2.18,1.53,2.33,1.90,1.83
Croatia_HNL_2025-2026,2025/2026,15,Hajduk Split,Varaždin,2025-11-29 14:30:00,1,1,2,7,4,11,3,2,0,1,4,2,8,8,12,10,15,15,68,32,Stadion Poljud,"8. Mediteranskih igara 2, Split",3,3,1.47,3.6,6.5,1.25,2.15,3.58,2.16,1.62,1.56,2.26,2.25,1.76,1.43,3.1,2.59,1.33,2,0,1,1,0,1,1,-1,0,43,0,17202,2,1,1,2,6,2,3,8,1,2,2,1,3,3,1,91,42,123,78,1.7,1.08,2.78,0,0,0,0,0,0,1,1,0,0,0,0,0,0,1,30,13,1,15,15,1,4,13,50,79,36,64,2.07,1.07,2.29,1.0,2.07,1.36,50,22,1.92,1.2,3.12,28,True,True,False,False,False,False,True,1.57,3.70,6.65,2.06,3.59,1.34,1.38,3.04,1.40,2.93,2.08,1.75,1.56,2.25,1.96,1.77
Croatia_HNL_2025-2026,2025/2026,15,Istra 1961,Slaven Koprivnica,2025-11-29 17:15:00,1,1,2,4,2,6,2,2,0,0,3,2,7,15,10,17,9,11,55,45,Stadion Aldo Drosina,"Marsovo polje, Pula",2,2,2.15,3.0,3.0,1.36,2.12,3.58,1.8,1.9,1.78,2.22,1.96,1.55,1.42,2.99,2.65,1.36,2,0,1,1,0,1,1,-1,0,64,0,1574,2,1,0,1,4,1,1,5,0,1,2,1,1,3,1,53,55,111,120,1.23,1.62,2.85,0,1,0,1,0,0,1,1,0,0,0,0,0,0,1,23,24,1,11,8,1,9,6,64,86,43,71,1.36,0.86,2.0,1.0,1.36,1.5,36,15,1.49,1.04,2.53,28,True,True,False,False,False,False,True,2.89,2.91,2.78,2.17,3.80,1.35,1.35,3.20,1.44,2.79,1.78,2.03,1.76,1.97,2.22,1.57
Croatia_HNL_2025-2026,2025/2026,15,Lokomotiva Zagreb,Rijeka,2025-11-30 14:00:00,1,1,2,6,5,11,2,4,0,0,4,4,9,6,13,10,15,16,63,37,Stadion Kranjčevićeva,"Kranjčevićeva 4, Zagreb",2,4,3.0,3.4,2.15,1.33,2.05,3.5,1.8,1.91,1.53,1.9,2.31,1.81,1.4,2.95,2.69,1.34,2,0,1,1,0,1,1,-1,0,71,0,513,2,1,3,1,3,4,4,7,1,2,1,2,3,3,1,69,47,122,118,1.61,1.26,2.87,0,0,0,0,0,0,1,1,0,1,0,0,0,0,1,14,22,1,16,15,1,8,13,50,71,22,86,1.57,1.14,1.57,0.86,1.29,1.21,50,29,1.47,1.69,3.16,28,True,True,False,False,False,False,True,3.28,3.24,2.29,2.15,3.80,1.35,1.36,3.15,1.42,2.85,1.87,1.93,1.53,2.30,1.91,1.82
Croatia_HNL_2025-2026,2025/2026,15,Gorica,Dinamo Zagreb,2025-12-01 17:00:00,0,2,2,3,4,7,3,3,0,2,2,2,5,10,7,12,11,15,50,50,ŠRC Velika Gorica,", Velika Gorica",3,5,6.4,4.35,1.46,1.2,1.64,2.46,1.76,1.89,1.52,2.2,2.32,1.79,1.28,2.3,3.26,1.52,2,0,1,0,1,1,1,122,0,59,0,3391,2,1,0,3,3,1,3,4,2,1,1,4,3,5,1,61,72,85,77,1.03,1.41,2.44,0,0,0,0,0,0,1,1,0,0,0,0,1,0,1,22,23,1,15,11,1,5,5,53,81,34,80,1.29,2.07,1.25,1.43,1.29,2.0,48,20,1.41,1.96,3.37,28,True,True,False,False,False,False,False,6.26,4.51,1.48,1.62,2.58,1.20,,,,,1.72,2.11,1.53,2.34,1.87,1.87
Croatia_HNL_2025-2026,2025/2026,16,Slaven Koprivnica,Gorica,2025-12-05 17:00:00,2,1,3,4,2,6,2,1,0,0,7,4,6,9,13,13,17,16,56,44,,,2,1,1.95,3.33,3.7,1.29,2.0,3.4,1.79,1.92,1.83,2.74,1.93,1.52,1.41,2.99,2.7,1.39,3,1,1,1,0,1,2,1861,0,77,0,1130,2,1,0,2,4,0,2,4,0,0,2,1,0,3,1,78,57,154,103,1.89,1.52,3.4,0,0,0,0,0,0,1,1,1,0,0,0,0,0,1,27,19,1,16,17,1,12,6,61,85,30,77,1.71,1.0,2.0,1.33,1.47,1.2,40,16,1.64,1.59,3.23,28,True,True,True,False,False,False,True,2.10,3.12,3.93,2.12,3.64,1.34,1.36,3.11,1.42,2.86,1.78,2.03,1.84,1.89,2.33,1.52
Croatia_HNL_2025-2026,2025/2026,16,Dinamo Zagreb,Hajduk Split,2025-12-06 14:00:00,1,1,2,8,2,10,6,10,0,0,5,1,8,3,13,4,12,27,59,41,Stadion Maksimir,"Maksimirska cesta 128, Zagreb",6,10,1.61,3.4,4.97,1.33,2.02,3.58,1.93,1.79,1.47,2.12,2.39,1.85,1.38,2.75,2.97,1.38,2,0,0,1,1,2,0,-1,0,43,0,17028,2,1,3,2,4,0,5,4,1,3,5,7,4,12,1,97,31,155,91,1.88,0.56,2.44,0,0,0,0,0,0,1,1,0,0,1,0,1,0,1,29,17,1,27,12,1,1,10,72,86,43,86,2.64,1.93,2.57,1.86,2.07,2.0,29,15,2.02,1.63,3.65,28,True,True,False,False,False,False,True,1.74,3.53,5.10,2.05,3.55,1.34,1.39,3.00,1.39,2.98,1.97,1.84,1.50,2.39,1.88,1.86
Croatia_HNL_2025-2026,2025/2026,16,Rijeka,HNK Vukovar 1991,2025-12-06 17:00:00,3,1,4,12,3,15,1,3,0,0,7,1,13,4,20,5,8,16,68,32,Stadion HNK Rijeka,"Rujevica ulica 6B, Rijeka",1,3,1.28,5.0,8.0,1.2,1.62,2.62,2.1,1.68,1.56,2.29,2.18,1.72,1.28,2.34,3.4,1.52,4,2,0,1,1,2,2,1215,0,50,0,4677,2,1,6,0,6,3,6,9,0,2,1,1,2,2,1,87,37,148,77,2.38,0.66,3.05,1,0,1,0,0,0,1,1,0,0,1,0,0,1,1,32,13,1,15,8,1,1,11,50,86,57,79,1.79,0.21,1.57,0.29,1.2,0.8,50,14,1.79,1.36,3.15,28,True,True,True,True,False,False,True,1.25,5.96,11.67,1.58,2.53,1.19,1.59,2.36,1.32,3.22,2.04,1.78,,,,
Croatia_HNL_2025-2026,2025/2026,16,Varaždin,Lokomotiva Zagreb,2025-12-07 14:00:00,4,2,6,4,4,8,4,3,0,0,5,4,5,3,10,7,16,14,41,59,,,4,3,2.15,3.3,3.1,1.3,2.02,3.7,1.77,1.85,1.58,2.27,2.21,1.75,1.44,2.95,2.59,1.34,6,0,2,4,0,4,2,1881,0,72,0,1012,2,1,2,2,2,2,4,4,1,1,3,2,2,5,1,50,59,86,110,1.35,1.16,2.51,1,1,1,1,0,0,1,1,0,1,2,0,0,0,1,21,21,1,13,15,1,1,6,43,86,29,86,1.64,0.64,1.71,1.0,1.33,1.27,57,15,1.59,1.56,3.15,28,True,True,True,True,True,True,True,2.43,2.90,3.41,2.24,3.95,1.37,1.35,3.17,1.43,2.81,1.84,1.97,1.67,2.09,2.12,1.64
Croatia_HNL_2025-2026,2025/2026,16,Osijek,Istra 1961,2025-12-07 16:30:00,1,5,6,6,3,9,2,2,0,0,4,6,9,6,13,12,16,14,51,49,Stadion Gradski vrt,"Delnička bb, Osijek",2,2,2.29,3.16,2.9,1.36,2.1,3.5,1.8,1.85,1.53,1.93,2.25,1.7,1.44,2.8,2.7,1.38,6,0,3,1,2,3,3,1857,0,37,0,2734,2,1,5,3,1,0,8,1,1,1,1,1,2,2,1,83,83,124,131,1.7,1.78,3.49,0,0,0,0,0,0,1,1,0,0,1,0,0,1,1,19,19,1,14,16,1,0,6,37,69,30,68,1.07,1.21,1.0,0.71,0.8,1.33,63,31,1.65,1.07,2.72,28,True,True,True,True,True,True,True,2.49,3.06,3.13,2.20,3.93,1.37,1.34,3.25,1.45,2.75,1.85,1.95,1.58,2.22,1.97,1.76
Croatia_HNL_2025-2026,2025/2026,17,HNK Vukovar 1991,Varaždin,2025-12-12 17:00:00,2,0,2,4,4,8,3,1,0,0,6,3,7,5,13,8,16,8,53,47,Stadion Cibalia,"Hansa Dietricha Genschera 10b, Vinkovci",3,1,2.87,3.3,2.1,1.28,2.05,3.6,1.78,1.93,1.69,2.08,2.04,1.63,1.38,2.9,2.73,1.35,2,0,0,2,0,2,0,19790,0,69,0,493,2,1,2,4,2,0,6,2,1,0,2,1,1,3,1,76,62,129,128,1.8,1.18,2.98,0,0,0,0,0,0,1,1,0,0,0,4,0,0,1,25,20,1,8,16,1,9,11,50,69,44,63,1.29,1.07,1.25,1.0,0.75,1.44,50,32,1.38,1.18,2.56,28,True,True,False,False,False,False,False,3.21,3.35,2.27,,,,1.43,2.79,1.36,3.12,1.62,2.29,1.68,2.07,2.10,1.66
Croatia_HNL_2025-2026,2025/2026,17,Osijek,Gorica,2025-12-13 14:00:00,1,1,2,7,3,10,3,1,0,1,5,2,11,2,16,4,18,17,66,34,Stadion Gradski vrt,"Delnička bb, Osijek",3,3,2.15,3.4,3.2,1.27,2.01,3.34,1.75,2.0,1.54,1.9,2.32,1.85,1.4,2.9,2.8,1.36,2,0,1,1,0,1,1,-1,0,50,0,2042,2,1,1,2,6,1,3,7,1,1,2,1,2,3,1,127,44,168,98,2.28,0.73,3.01,0,0,0,0,0,0,1,1,0,0,0,0,0,0,1,28,17,1,17,18,1,2,9,43,79,29,64,1.07,1.0,0.86,1.14,0.75,1.13,57,22,1.66,1.58,3.24,28,True,True,False,False,False,False,True,2.54,3.12,2.98,2.08,3.61,1.33,1.37,3.06,1.40,2.92,1.76,2.06,1.53,2.32,1.91,1.83
Croatia_HNL_2025-2026,2025/2026,17,Lokomotiva Zagreb,Hajduk Split,2025-12-13 16:45:00,1,3,4,1,5,6,4,2,0,0,2,6,4,13,6,19,15,11,48,52,Stadion Maksimir,"Maksimirska cesta 128, Zagreb",4,2,3.1,3.25,2.21,1.36,2.09,3.75,1.91,1.85,1.53,2.14,2.3,1.83,1.38,3.17,2.75,1.38,4,1,1,0,2,2,2,1863,0,50,0,2813,2,1,0,1,1,4,1,5,2,1,2,1,3,3,1,60,58,124,87,0.97,2.03,3.0,0,0,0,0,0,0,1,1,0,0,0,0,0,0,1,27,20,1,11,15,1,9,3,38,75,26,76,1.57,1.93,1.5,1.75,1.19,1.94,63,25,1.49,1.5,2.99,28,True,True,True,True,False,False,True,3.23,3.25,2.31,2.15,3.77,1.35,1.35,3.16,1.43,2.81,1.85,1.94,1.53,2.33,1.90,1.84
Croatia_HNL_2025-2026,2025/2026,17,Slaven Koprivnica,Dinamo Zagreb,2025-12-14 14:00:00,2,5,7,3,3,6,1,2,0,0,6,6,4,9,10,15,15,17,47,53,,,1,2,4.6,3.8,1.71,1.24,1.75,2.95,1.74,2.05,1.64,2.4,2.12,1.69,1.33,2.4,3.25,1.44,7,1,4,1,1,2,5,122,0,63,0,3055,2,1,0,1,3,2,1,5,0,2,1,0,2,1,1,56,71,89,102,1.46,1.88,3.34,0,0,0,0,0,0,1,1,1,1,0,0,0,0,1,22,26,1,17,15,1,7,5,57,88,38,82,1.71,2.07,2.13,1.63,1.56,2.0,44,13,1.67,1.89,3.56,28,True,True,True,True,True,True,True,4.63,3.72,1.76,1.77,2.88,1.24,1.50,2.58,1.32,3.25,1.71,2.13,1.70,2.03,2.13,1.63
Croatia_HNL_2025-2026,2025/2026,18,Varaždin,Istra 1961,2025-12-19 15:00:00,1,3,4,9,5,14,3,3,0,0,9,4,12,10,21,14,16,8,55,45,,,3,3,2.05,2.85,3.05,1.4,2.25,4.1,1.91,1.73,1.81,2.92,1.92,1.5,1.49,3.28,2.63,1.29,4,1,1,0,2,2,2,1857,0,63,0,956,2,1,5,2,4,3,7,7,1,1,2,2,2,4,1,71,57,134,95,2.47,1.58,4.04,0,0,0,0,0,0,1,1,0,0,1,0,0,0,1,18,19,1,8,16,1,7,6,57,75,50,88,1.64,1.21,1.88,1.0,1.35,1.44,44,25,1.56,1.16,2.72,28,True,True,True,True,False,False,True,2.45,2.85,3.44,2.39,4.39,1.50,,,,,2.03,1.79,2.00,1.74,2.26,1.57
Croatia_HNL_2025-2026,2025/2026,18,Osijek,Slaven Koprivnica,2025-12-20 14:00:00,0,0,0,3,6,9,3,1,0,0,3,3,9,4,12,7,14,21,49,51,Stadion Gradski vrt,"Delnička bb, Osijek",3,1,2.4,3.0,2.9,1.32,1.9,3.25,1.85,1.85,1.51,1.88,2.35,1.84,1.33,3.05,2.59,1.32,0,0,0,0,0,0,0,-1,0,57,0,2026,2,1,3,5,0,1,8,1,1,1,2,0,2,2,1,106,57,153,110,1.74,1.08,2.82,0,0,0,0,0,0,1,1,0,0,1,1,0,0,1,27,22,1,21,14,1,5,11,44,88,32,69,1.07,0.86,0.88,1.0,0.76,1.47,57,13,1.74,1.12,2.86,28,False,False,False,False,False,False,False,2.39,3.01,3.35,2.29,4.09,1.38,1.32,3.34,1.46,2.69,1.88,1.92,1.58,2.24,1.99,1.75
Croatia_HNL_2025-2026,2025/2026,18,Dinamo Zagreb,Lokomotiva Zagreb,2025-12-20 16:45:00,2,0,2,0,1,1,1,2,0,0,5,2,7,4,12,6,9,14,48,52,Stadion Maksimir,"Maksimirska cesta 128, Zagreb",1,2,1.27,5.6,9.95,1.2,1.6,2.6,2.0,1.73,1.42,1.78,2.56,1.9,1.3,2.4,3.25,1.49,2,1,0,1,0,1,1,122,0,82,0,6270,2,1,0,0,0,1,0,1,0,2,1,0,2,1,1,77,52,147,120,1.68,0.91,2.59,0,0,0,0,0,0,1,1,0,0,0,0,0,0,1,26,28,1,14,9,1,7,8,69,100,32,88,2.64,0.64,2.38,0.88,2.06,1.12,32,0,2.01,1.51,3.52,28,True,True,False,False,False,False,False,1.30,5.51,9.48,,,,1.53,2.51,1.32,3.31,2.02,1.79,1.44,2.56,1.76,1.97
Croatia_HNL_2025-2026,2025/2026,18,Hajduk Split,HNK Vukovar 1991,2025-12-21 14:00:00,2,1,3,2,3,5,3,5,2,1,8,1,8,2,16,3,12,13,69,31,Stadion Poljud,"8. Mediteranskih igara 2, Split",5,7,1.25,5.6,7.2,1.18,1.61,2.56,2.0,1.7,1.7,2.16,2.03,1.6,1.28,2.4,3.25,1.52,3,1,0,1,1,2,1,1863,0,51,0,21212,2,1,1,2,1,1,3,2,2,2,3,4,4,7,1,66,45,109,83,2.05,0.6,2.64,0,0,0,0,0,0,1,1,1,0,0,1,0,0,1,21,18,1,13,12,1,4,8,51,94,38,82,2.07,0.21,2.13,0.25,2.0,0.88,51,7,1.89,1.27,3.16,28,True,True,True,False,False,False,True,1.28,5.42,10.72,1.62,2.59,1.21,,,,,2.03,1.79,1.56,2.26,1.90,1.83
Croatia_HNL_2025-2026,2025/2026,18,Rijeka,Gorica,2025-12-21 16:45:00,1,0,1,10,4,14,2,2,0,0,4,2,11,5,15,7,12,8,57,43,Stadion HNK Rijeka,"Rujevica ulica 6B, Rijeka",2,2,1.52,3.9,6.4,1.25,1.9,3.14,1.97,1.75,1.53,1.9,2.3,1.8,1.36,2.77,2.9,1.38,1,0,0,1,0,1,0,1215,0,63,0,4731,2,1,6,1,4,3,7,7,0,0,2,2,0,4,1,101,42,150,86,1.96,0.89,2.86,0,0,0,0,0,0,1,1,0,0,2,0,0,0,1,29,25,1,8,12,1,5,8,50,88,44,75,1.79,1.0,1.75,1.13,1.31,1.12,50,13,1.86,1.47,3.33,28,True,False,False,False,False,False,False,1.49,4.18,6.89,1.92,3.31,1.29,1.40,2.92,1.38,3.03,1.98,1.83,1.57,2.24,1.98,1.75
Croatia_HNL_2025-2026,2025/2026,17,Istra 1961,Rijeka,2026-01-20 15:00:00,1,2,3,3,4,7,1,2,0,0,4,2,7,8,11,10,16,14,46,54,Stadion Aldo Drosina,"Marsovo polje, Pula",1,2,3.25,3.1,2.02,1.38,2.1,3.5,1.91,1.85,1.97,2.54,1.99,1.61,1.41,2.65,2.5,1.35,3,1,1,0,1,1,2,1215,0,69,0,3386,2,1,1,2,2,2,3,4,0,0,1,2,0,3,1,43,49,86,71,1.29,1.12,2.41,0,1,0,1,0,0,1,1,1,1,0,0,0,0,1,24,21,1,14,15,1,16,6,50,75,32,82,1.36,1.14,1.88,0.88,1.53,1.41,50,25,1.45,1.64,3.09,28,True,True,True,False,False,False,True,3.42,3.19,2.17,2.12,3.73,1.35,1.42,2.75,1.36,2.99,1.91,1.89,1.71,2.01,2.16,1.61
Croatia_HNL_2025-2026,2025/2026,19,Lokomotiva Zagreb,HNK Vukovar 1991,2026-01-24 14:00:00,2,1,3,5,3,8,1,4,0,0,2,2,6,6,8,8,8,11,52,48,Stadion Kranjčevićeva,"Kranjčevićeva 4, Zagreb",1,4,1.7,3.6,4.2,1.23,1.83,3.0,1.7,2.0,1.53,2.24,2.23,1.76,1.35,2.59,3.18,1.44,3,0,1,2,0,2,1,1859,0,73,0,200,2,1,5,2,0,1,7,1,0,0,1,4,0,5,1,61,49,88,95,1.09,1.01,2.1,1,1,1,1,0,0,1,1,0,1,0,0,0,0,1,34,25,1,10,7,1,11,10,56,84,39,89,1.57,0.21,1.33,0.22,1.06,0.83,45,17,1.43,1.2,2.63,28,True,True,True,False,False,False,True,1.82,3.59,4.44,1.87,3.08,1.27,1.44,2.76,1.35,3.18,1.76,2.07,1.57,2.25,1.96,1.78
Croatia_HNL_2025-2026,2025/2026,19,Rijeka,Slaven Koprivnica,2026-01-24 16:15:00,2,2,4,4,3,7,3,2,1,0,4,6,11,12,15,18,18,13,47,53,Stadion HNK Rijeka,"Rujevica ulica 6B, Rijeka",5,2,1.58,3.7,5.0,1.24,1.97,3.34,1.98,1.74,1.63,2.45,2.08,1.64,1.39,2.81,2.73,1.37,4,0,1,2,1,3,1,-1,0,56,0,3808,2,1,3,1,1,2,4,3,2,1,2,1,3,3,1,69,54,120,109,1.73,1.95,3.68,0,0,0,0,0,0,1,1,0,1,2,0,0,0,1,22,16,1,13,18,1,13,6,50,84,45,67,1.79,0.86,1.89,1.0,1.5,1.44,50,17,1.87,1.11,2.98,28,True,True,True,True,False,False,True,1.63,3.68,5.90,2.08,3.63,1.34,1.37,3.09,1.41,2.88,2.01,1.80,,,,
Croatia_HNL_2025-2026,2025/2026,19,Hajduk Split,Istra 1961,2026-01-25 14:00:00,1,2,3,6,6,12,4,2,0,0,7,4,15,6,22,10,8,17,63,37,Stadion Poljud,"8. Mediteranskih igara 2, Split",4,2,1.49,4.0,5.5,1.3,1.91,3.5,1.95,1.75,1.64,2.42,2.11,1.68,1.42,2.9,2.87,1.35,3,0,2,1,0,1,2,1857,0,56,0,11925,2,1,3,4,3,2,7,5,1,1,3,1,2,4,1,65,49,97,84,2.34,1.27,3.61,0,0,0,0,0,0,1,1,0,1,1,1,0,0,1,29,23,1,17,8,1,5,16,56,89,34,84,2.07,1.21,2.22,1.22,2.06,1.44,45,11,1.91,1.21,3.12,28,True,True,True,False,False,False,True,1.73,3.42,5.40,2.13,3.82,1.36,1.34,3.26,1.48,2.65,1.96,1.85,1.77,1.96,2.24,1.57
Croatia_HNL_2025-2026,2025/2026,19,Osijek,Dinamo Zagreb,2026-01-25 16:45:00,0,3,3,4,2,6,1,2,0,0,1,6,7,11,8,17,14,13,45,55,Stadion Gradski vrt,"Delnička bb, Osijek",1,2,4.4,3.9,1.63,1.22,1.84,2.92,1.75,1.95,1.46,2.1,2.38,1.85,1.34,2.6,2.95,1.42,3,0,2,0,1,1,2,122,0,39,0,8723,2,1,3,2,1,0,5,1,0,1,1,1,1,2,1,61,65,116,115,1.03,1.96,2.99,0,0,0,0,0,0,1,1,0,0,2,0,0,0,1,15,19,1,13,14,1,9,6,33,78,28,67,1.07,2.07,0.89,1.78,0.78,2.11,67,22,1.74,1.89,3.63,28,True,True,True,False,False,False,False,4.80,3.81,1.71,1.86,3.20,1.27,1.43,2.83,1.37,3.10,1.84,1.96,1.60,2.20,2.02,1.71
Croatia_HNL_2025-2026,2025/2026,19,Gorica,Varaždin,2026-01-26 15:00:00,1,2,3,7,3,10,1,2,0,0,5,4,8,8,13,12,8,14,52,48,ŠRC Velika Gorica,", Velika Gorica",1,2,2.88,3.15,2.38,1.38,2.21,3.65,1.8,1.86,1.7,2.57,2.02,1.62,1.45,3.05,2.54,1.34,3,1,1,0,1,1,2,1881,0,62,0,318,2,1,3,1,4,2,4,6,1,2,0,0,3,0,1,42,36,80,75,1.47,1.3,2.77,0,0,0,0,0,0,1,1,0,0,0,0,1,0,1,21,20,1,14,8,1,6,9,50,73,39,73,1.29,1.07,1.11,0.89,1.06,1.28,50,28,1.36,1.18,2.54,28,True,True,True,False,False,False,True,2.56,3.17,2.91,2.21,3.99,1.37,,,,,1.88,1.92,1.75,1.98,2.21,1.60
Croatia_HNL_2025-2026,2025/2026,20,Istra 1961,Lokomotiva Zagreb,2026-01-30 17:00:00,1,1,2,5,5,10,0,2,0,0,1,3,10,5,11,8,9,16,67,33,Stadion Aldo Drosina,"Marsovo polje, Pula",0,2,2.2,3.1,3.1,1.3,2.1,3.55,1.8,1.9,1.69,2.13,2.03,1.62,1.44,2.8,2.73,1.35,2,1,1,0,0,0,2,-1,0,73,0,1757,2,1,4,1,1,4,5,5,0,2,0,0,2,0,1,80,44,141,94,1.35,1.04,2.4,0,0,0,0,0,0,1,1,0,0,1,0,0,0,1,23,20,1,16,9,1,7,12,50,89,33,84,1.36,0.64,1.67,0.78,1.53,1.16,50,11,1.44,1.45,2.89,28,True,True,False,False,False,False,True,2.19,3.21,3.53,2.05,3.61,1.32,1.38,3.05,1.41,2.90,1.75,2.08,1.69,2.03,2.13,1.62
Croatia_HNL_2025-2026,2025/2026,20,Gorica,Hajduk Split,2026-01-31 14:00:00,1,0,1,1,9,10,2,1,0,0,2,6,4,15,6,21,18,7,26,74,ŠRC Velika Gorica,", Velika Gorica",2,1,3.5,3.1,2.05,1.31,2.06,3.42,1.94,1.81,1.65,2.41,2.11,1.68,1.43,2.9,2.59,1.35,1,1,0,0,0,0,1,1875,0,52,0,3889,2,1,0,4,1,5,4,6,0,0,2,1,0,3,1,27,79,76,136,0.72,2.32,3.04,0,0,0,0,0,0,1,1,0,0,0,0,0,0,1,21,31,1,7,18,1,9,5,52,79,42,79,1.29,1.93,1.0,1.89,1.0,1.95,48,21,1.38,1.55,2.93,28,True,False,False,False,False,False,False,3.56,3.08,2.25,2.18,3.87,1.36,1.34,3.24,1.45,2.75,1.87,1.93,,,,
Croatia_HNL_2025-2026,2025/2026,20,Slaven Koprivnica,Varaždin,2026-01-31 16:45:00,0,2,2,11,5,16,1,3,0,1,5,5,20,3,25,8,17,12,70,30,,,1,4,2.25,3.0,3.1,1.4,2.16,3.68,1.85,1.8,1.8,2.29,1.92,1.51,1.45,2.99,2.53,1.33,2,0,2,0,0,0,2,1881,0,75,0,875,-1,1,-1,-1,-1,-1,-1,-1,0,3,1,1,3,2,1,97,36,112,72,2.61,1.12,3.73,0,1,0,1,0,0,1,1,0,0,-1,-1,0,1,1,26,12,1,11,16,1,2,13,64,80,53,75,1.71,1.07,1.89,1.1,1.42,1.37,36,21,1.65,1.19,2.84,28,True,True,False,False,False,False,False,2.59,3.03,3.01,2.23,3.99,1.38,1.34,3.27,1.45,2.73,1.82,1.99,1.81,1.92,2.28,1.54
Croatia_HNL_2025-2026,2025/2026,20,Osijek,Rijeka,2026-02-01 14:00:00,1,0,1,3,7,10,4,1,0,0,3,2,6,13,9,15,15,16,32,68,Stadion Gradski vrt,"Delnička bb, Osijek",4,1,3.1,3.15,2.15,1.3,1.95,3.95,1.88,1.82,1.6,2.18,2.17,1.72,1.45,3.33,2.53,1.31,1,1,0,0,0,0,1,1864,0,54,0,3262,2,1,2,3,1,4,5,5,1,1,3,0,2,3,1,50,77,66,108,1.14,1.64,2.78,0,0,0,0,0,0,1,1,0,0,1,1,0,0,1,22,22,1,16,15,1,15,4,43,74,32,75,1.07,1.14,0.8,1.11,0.74,1.47,57,26,1.67,1.58,3.25,28,True,False,False,False,False,False,False,2.93,2.92,2.74,2.33,4.22,1.40,1.32,3.35,1.48,2.64,1.89,1.91,1.48,2.45,1.88,1.86
Croatia_HNL_2025-2026,2025/2026,20,Dinamo Zagreb,HNK Vukovar 1991,2026-02-02 17:00:00,3,1,4,8,1,9,1,1,0,0,10,2,17,4,27,6,9,11,63,37,Stadion Maksimir,"Maksimirska cesta 128, Zagreb",1,1,1.12,8.27,10.0,1.13,1.41,2.11,2.05,1.7,1.44,1.78,2.47,1.9,1.22,2.05,3.85,1.67,4,1,0,2,1,3,1,122,0,69,0,4750,2,1,5,1,3,0,6,3,1,1,0,0,2,0,1,84,41,128,105,3.0,0.83,3.83,0,0,0,0,0,0,1,1,0,0,1,0,0,0,1,24,27,1,11,9,1,2,13,74,95,42,90,2.64,0.21,2.44,0.2,2.16,0.79,26,5,1.97,1.18,3.15,28,True,True,True,True,False,False,True,1.16,7.79,14.28,1.46,2.25,1.15,1.69,2.14,,,2.15,1.69,1.46,2.50,1.76,1.97
Croatia_HNL_2025-2026,2025/2026,21,Lokomotiva Zagreb,Gorica,2026-02-06 17:00:00,3,0,3,2,9,11,1,2,0,0,7,4,3,16,10,20,14,10,34,66,Stadion Kranjčevićeva,"Kranjčevićeva 4, Zagreb",1,2,2.1,3.1,3.2,1.36,2.15,3.82,1.83,1.85,1.58,1.97,2.21,1.74,1.4,3.18,2.53,1.33,3,2,0,1,0,1,2,1859,0,74,0,-1,2,1,2,4,0,5,6,5,1,2,0,0,3,0,1,35,63,73,107,1.38,1.99,3.37,1,0,1,0,0,0,1,1,0,0,0,1,0,0,1,16,20,1,9,13,1,13,3,47,79,21,79,1.57,1.0,1.5,1.0,1.15,1.1,53,21,1.4,1.41,2.81,28,True,True,True,False,False,False,False,2.26,3.15,3.46,2.16,3.82,1.37,,,,,1.82,1.99,1.57,2.22,1.98,1.76
Croatia_HNL_2025-2026,2025/2026,21,HNK Vukovar 1991,Istra 1961,2026-02-07 14:00:00,3,2,5,7,5,12,2,4,0,0,13,4,13,9,26,13,5,5,37,63,Stadion Gradski vrt,"Delnička bb, Osijek",2,4,3.05,3.25,2.3,1.25,1.89,3.27,1.69,2.0,1.73,2.61,1.99,1.6,1.4,2.69,2.77,1.4,5,1,0,2,2,4,1,19790,0,69,0,-1,2,1,2,2,5,3,4,8,0,2,2,2,2,4,1,84,103,99,169,3.14,1.86,5.0,0,1,0,1,0,0,1,1,0,0,0,0,0,1,1,16,28,1,11,9,1,5,6,57,79,47,73,1.29,1.21,1.44,1.4,0.75,1.5,43,21,1.43,1.21,2.64,28,True,True,True,True,True,False,True,3.03,3.37,2.36,1.92,3.25,1.28,1.42,2.86,1.37,3.06,1.69,2.16,,,,
Croatia_HNL_2025-2026,2025/2026,21,Hajduk Split,Slaven Koprivnica,2026-02-07 16:15:00,2,0,2,2,1,3,1,4,0,0,4,5,5,8,9,13,16,15,52,48,Stadion Poljud,"8. Mediteranskih igara 2, Split",1,4,1.55,3.7,5.25,1.33,1.95,3.28,2.0,1.73,1.69,2.54,2.04,1.63,1.41,2.85,2.66,1.36,2,2,0,0,0,0,2,1863,0,60,0,-1,2,1,1,0,1,1,1,2,0,1,1,3,1,4,1,53,60,100,126,1.24,1.61,2.85,0,0,0,0,0,0,1,1,1,0,0,0,0,1,1,12,19,1,16,17,1,9,9,55,95,25,75,2.07,0.86,2.0,1.0,1.85,1.35,45,5,1.95,1.19,3.14,28,True,True,False,False,False,False,False,1.50,3.97,7.38,2.00,3.42,1.32,1.39,3.00,1.40,2.95,2.07,1.76,1.71,2.03,2.17,1.62
Croatia_HNL_2025-2026,2025/2026,21,Varaždin,Osijek,2026-02-08 14:00:00,2,1,3,3,5,8,4,4,0,0,3,5,7,4,10,9,7,13,53,47,,,4,4,2.15,3.1,3.2,1.36,2.19,3.1,1.91,1.8,1.57,1.92,2.23,1.73,1.54,3.0,2.29,1.33,3,1,1,1,0,1,2,1881,0,67,0,1447,2,1,1,2,2,3,3,5,1,2,3,2,3,5,1,55,64,126,118,1.25,1.39,2.64,0,0,0,0,0,0,1,1,1,0,1,0,0,1,1,17,25,1,14,7,1,5,4,56,78,39,89,1.64,0.71,1.67,0.67,1.45,0.85,44,22,1.66,1.44,3.1,28,True,True,True,False,False,False,True,2.40,2.79,3.64,2.26,4.02,1.37,1.33,3.32,1.46,2.71,1.82,1.99,1.57,2.23,1.94,1.78
Croatia_HNL_2025-2026,2025/2026,21,Rijeka,Dinamo Zagreb,2026-02-08 16:45:00,0,0,0,4,7,11,0,1,0,0,0,2,2,10,2,12,10,11,50,50,Stadion HNK Rijeka,"Rujevica ulica 6B, Rijeka",0,1,3.15,3.2,2.15,1.32,2.12,3.75,1.83,1.85,1.67,2.46,2.08,1.66,1.43,2.99,2.82,1.33,0,0,0,0,0,0,0,-1,0,45,0,7102,2,1,2,1,2,6,3,8,0,1,0,0,1,0,1,53,82,123,124,0.53,1.5,2.03,0,0,0,0,0,0,1,1,0,0,0,1,0,0,1,18,28,1,12,10,1,7,8,50,85,45,75,1.79,2.07,1.8,1.9,1.4,2.2,50,15,1.86,1.89,3.75,28,False,False,False,False,False,False,False,3.39,3.23,2.24,2.12,3.75,1.36,1.36,3.16,1.43,2.82,1.85,1.95,,,,
Croatia_HNL_2025-2026,2025/2026,22,Slaven Koprivnica,Lokomotiva Zagreb,2026-02-13 17:00:00,2,0,2,2,2,4,0,1,0,0,5,0,6,3,11,3,10,13,45,55,,,0,1,2.4,3.2,2.72,1.33,1.95,3.14,1.7,2.0,1.72,2.13,2.0,1.6,1.4,2.97,2.69,1.38,2,1,0,1,0,1,1,1861,0,80,0,913,2,1,1,2,1,0,3,1,0,1,0,0,1,0,1,43,33,106,97,1.36,0.45,1.81,1,0,1,0,0,0,1,1,0,0,0,1,0,0,1,20,25,1,16,10,1,9,4,55,95,45,90,1.71,0.64,1.7,0.8,1.29,1.24,45,5,1.75,1.41,3.16,28,True,True,False,False,False,False,False,2.55,3.18,2.92,1.99,3.40,1.29,1.40,2.93,1.39,3.00,1.67,2.21,1.69,2.06,2.13,1.64
Croatia_HNL_2025-2026,2025/2026,22,Dinamo Zagreb,Istra 1961,2026-02-14 14:00:00,4,0,4,9,3,12,1,4,0,0,7,1,14,2,21,3,12,9,58,42,Stadion Maksimir,"Maksimirska cesta 128, Zagreb",1,4,1.33,4.8,7.0,1.22,1.67,2.63,2.03,1.83,1.57,2.24,2.24,1.75,1.27,2.41,3.35,1.53,4,1,0,3,0,3,1,122,0,72,0,-1,2,1,4,3,5,0,7,5,1,1,0,3,2,3,1,73,39,75,62,2.33,0.55,2.87,0,0,0,0,0,0,1,1,0,0,1,0,0,0,1,18,20,1,12,13,1,5,11,77,91,43,91,2.64,1.21,2.5,1.27,2.14,1.43,24,9,2.07,1.27,3.34,28,True,True,True,True,False,False,False,1.25,6.24,10.74,1.56,2.45,1.18,1.61,2.31,,,1.97,1.83,,,,
Croatia_HNL_2025-2026,2025/2026,22,Rijeka,Varaždin,2026-02-14 16:15:00,3,1,4,10,3,13,3,2,0,0,9,5,17,13,26,18,13,9,55,45,Stadion HNK Rijeka,"Rujevica ulica 6B, Rijeka",3,2,1.7,3.3,4.4,1.35,2.1,3.6,2.0,1.81,1.64,2.46,2.08,1.66,1.42,3.17,2.62,1.35,4,1,0,2,1,3,1,1215,0,50,0,-1,2,1,4,0,6,3,4,9,1,0,2,2,1,4,1,77,56,116,87,2.82,1.88,4.7,0,0,0,0,0,0,1,1,0,0,1,0,0,0,1,19,17,1,8,14,1,7,12,45,73,50,64,1.79,1.07,1.73,1.27,1.38,1.52,55,27,1.74,1.19,2.93,28,True,True,True,True,False,False,True,1.64,3.72,5.61,2.07,3.72,1.35,1.36,3.14,1.42,2.83,2.02,1.80,1.64,2.11,2.09,1.65
Croatia_HNL_2025-2026,2025/2026,22,Gorica,HNK Vukovar 1991,2026-02-15 14:00:00,0,0,0,5,1,6,2,0,0,0,2,2,12,7,14,9,15,21,44,56,ŠRC Velika Gorica,", Velika Gorica",2,0,1.82,3.4,3.9,1.28,1.85,3.05,1.7,2.0,1.62,2.03,2.0,1.7,1.36,2.69,3.11,1.4,0,0,0,0,0,0,0,-1,0,69,0,-1,2,1,4,0,1,1,4,2,0,0,2,0,0,2,1,56,63,103,128,1.43,1.18,2.61,0,0,0,0,0,0,1,1,0,0,1,0,0,0,1,16,29,1,21,15,1,5,8,64,82,41,91,1.29,0.21,1.18,0.18,1.05,0.86,36,18,1.32,1.15,2.47,28,False,False,False,False,False,False,False,1.92,3.33,4.32,1.95,3.31,1.28,1.42,2.86,1.37,3.06,1.72,2.12,1.61,2.15,2.02,1.70
Croatia_HNL_2025-2026,2025/2026,22,Osijek,Hajduk Split,2026-02-15 16:45:00,0,2,2,4,9,13,3,2,0,0,4,5,3,9,7,14,13,15,36,64,Stadion Gradski vrt,"Delnička bb, Osijek",3,2,3.5,3.35,1.95,1.27,2.29,3.96,1.83,1.85,1.57,1.95,2.22,1.73,1.47,3.0,2.66,1.31,2,0,1,0,1,1,1,1863,0,29,0,-1,2,1,0,3,4,6,3,10,1,2,2,0,3,2,1,58,100,97,150,1.15,1.96,3.11,0,1,0,1,0,0,1,1,0,0,0,1,0,0,1,13,21,1,15,12,1,7,6,34,67,34,67,1.07,1.93,1.0,1.7,0.81,1.9,67,33,1.62,1.63,3.25,28,True,True,False,False,False,False,False,3.46,3.13,2.27,2.34,4.39,1.42,1.32,3.39,1.49,2.63,1.95,1.85,1.70,2.04,2.19,1.61
Croatia_HNL_2025-2026,2025/2026,23,HNK Vukovar 1991,Slaven Koprivnica,2026-02-20 17:00:00,2,2,4,5,4,9,4,1,0,0,3,3,5,4,8,7,17,9,60,40,Stadion Gradski vrt,"Delnička bb, Osijek",4,1,2.72,3.1,2.45,1.29,1.91,3.3,1.7,2.0,1.73,2.63,1.98,1.59,1.38,2.69,2.8,1.38,4,1,2,1,0,1,3,-1,0,67,0,-1,2,1,1,2,3,2,3,5,1,1,3,0,2,3,1,75,55,146,130,1.27,1.07,2.34,2,0,2,0,0,0,1,1,0,0,0,1,0,0,1,23,27,1,7,17,1,6,5,53,86,33,67,1.29,0.86,1.6,0.91,0.86,1.36,48,15,1.6,1.23,2.83,28,True,True,True,True,False,False,True,2.56,3.18,2.90,2.03,3.44,1.31,,,,,1.74,2.10,1.75,1.98,2.11,1.65
Croatia_HNL_2025-2026,2025/2026,23,Istra 1961,Gorica,2026-02-21 14:00:00,0,2,2,5,4,9,2,1,0,0,3,4,3,11,6,15,15,9,61,39,Stadion Aldo Drosina,"Marsovo polje, Pula",2,1,2.05,3.2,3.4,1.32,2.1,3.68,1.91,1.89,1.67,2.48,2.07,1.65,1.42,2.99,2.62,1.34,2,0,1,0,1,1,1,1875,0,65,0,-1,-1,1,-1,-1,-1,-1,-1,-1,0,0,2,1,0,3,1,59,50,115,84,1.03,1.59,2.61,0,0,0,0,0,0,1,1,0,0,-1,-1,0,0,1,26,25,1,9,15,1,11,9,50,80,40,75,1.36,1.0,1.6,0.9,1.36,1.05,50,20,1.43,1.47,2.9,28,True,True,False,False,False,False,False,2.74,2.98,2.87,2.23,3.97,1.37,,,,,1.85,1.95,1.80,1.93,2.26,1.56
Croatia_HNL_2025-2026,2025/2026,23,Lokomotiva Zagreb,Osijek,2026-02-21 16:15:00,3,1,4,3,3,6,0,0,0,0,6,5,7,4,13,9,8,16,53,47,Stadion Kranjčevićeva,"Kranjčevićeva 4, Zagreb",0,0,2.1,3.25,2.9,1.3,2.15,4.0,1.72,2.0,1.55,2.21,2.27,1.78,1.46,3.05,2.5,1.32,4,0,1,3,0,3,1,1859,0,72,0,-1,2,-1,2,1,1,2,3,3,0,0,0,0,0,0,1,48,39,79,70,1.59,1.2,2.79,1,0,1,0,0,0,1,1,0,0,1,0,-1,-1,1,26,24,1,15,8,1,4,9,58,81,29,91,1.57,0.71,1.64,0.6,1.18,0.77,43,19,1.4,1.43,2.83,28,True,True,True,True,False,False,True,2.56,2.96,3.12,2.40,4.42,1.42,1.32,3.35,1.46,2.68,1.94,1.85,1.58,2.23,1.96,1.77
Croatia_HNL_2025-2026,2025/2026,23,Varaždin,Dinamo Zagreb,2026-02-22 14:00:00,0,4,4,0,5,5,3,1,0,0,2,8,4,10,6,18,10,12,39,61,,,3,1,5.75,4.1,1.55,1.22,1.75,2.98,1.88,1.89,1.64,2.4,2.12,1.69,1.33,2.56,2.99,1.43,4,0,0,0,4,4,0,122,0,53,0,-1,2,1,0,4,0,1,4,1,3,1,0,0,4,0,1,32,75,87,136,0.76,2.24,3.0,0,0,0,0,0,0,1,1,0,0,0,0,0,0,1,27,26,1,12,10,1,5,2,53,81,48,82,1.64,2.07,1.8,1.82,1.45,2.18,48,19,1.62,1.86,3.48,28,True,True,True,True,False,False,False,5.29,3.80,1.66,1.85,3.02,1.26,,,,,1.84,1.96,1.67,2.09,2.07,1.68
Croatia_HNL_2025-2026,2025/2026,23,Hajduk Split,Rijeka,2026-02-22 16:45:00,1,0,1,6,2,8,2,2,1,1,7,3,4,3,11,6,10,14,60,40,Stadion Poljud,"8. Mediteranskih igara 2, Split",4,4,1.96,3.35,3.8,1.33,2.1,3.86,1.94,1.74,1.74,2.2,1.98,1.59,1.44,3.2,2.56,1.33,1,0,0,1,0,1,0,1863,0,58,0,-1,2,1,0,1,6,1,1,7,1,2,2,1,3,3,1,77,52,118,80,1.75,0.97,2.72,0,0,0,0,0,0,1,1,0,0,0,1,0,0,1,27,25,1,17,11,1,5,3,48,85,29,86,2.07,1.14,2.09,1.0,1.95,1.45,53,15,1.89,1.59,3.48,28,True,False,False,False,False,False,False,1.99,3.11,4.39,2.25,4.06,1.38,1.35,3.18,1.43,2.80,1.92,1.88,,,,
Croatia_HNL_2025-2026,2025/2026,24,Slaven Koprivnica,Istra 1961,2026-02-27 17:00:00,1,0,1,5,7,12,3,3,0,0,4,3,15,8,19,11,7,8,48,52,,,3,3,2.2,3.15,3.1,1.3,2.0,3.42,1.7,1.95,1.8,2.8,1.9,1.53,1.38,2.9,3.02,1.35,1,0,0,1,0,1,0,1861,0,70,0,923,2,1,2,3,3,4,5,7,1,1,2,2,2,4,1,59,31,103,70,1.9,1.13,3.03,0,0,0,0,0,0,1,1,0,0,0,1,0,1,1,20,16,1,10,7,1,7,16,70,87,53,92,1.71,1.21,1.82,1.17,1.35,1.3,31,13,1.71,1.21,2.92,28,True,False,False,False,False,False,False,2.01,3.37,3.89,1.96,3.41,1.28,1.42,2.86,1.37,3.07,1.71,2.14,1.76,1.96,2.24,1.57
Croatia_HNL_2025-2026,2025/2026,24,Osijek,HNK Vukovar 1991,2026-02-28 14:00:00,2,0,2,7,3,10,4,2,0,0,4,1,9,6,13,7,16,13,47,53,Stadion Gradski vrt,"Delnička bb, Osijek",4,2,1.86,3.4,4.1,1.25,1.92,3.25,1.73,1.92,1.52,1.89,2.32,1.82,1.4,2.8,2.77,1.38,2,0,0,2,0,2,0,1864,0,46,0,-1,2,1,3,0,4,3,3,7,0,0,4,2,0,6,1,80,73,114,145,1.68,1.06,2.74,1,0,1,0,0,0,1,1,0,0,1,0,0,0,1,20,21,1,14,20,1,2,10,46,75,34,75,1.07,0.21,0.92,0.25,0.74,0.87,54,25,1.58,1.15,2.73,28,True,True,False,False,False,False,False,1.93,3.15,4.58,2.13,3.70,1.34,1.36,3.15,1.43,2.82,1.87,1.93,1.51,2.34,1.89,1.84
Croatia_HNL_2025-2026,2025/2026,24,Varaždin,Hajduk Split,2026-02-28 16:45:00,1,1,2,1,14,15,2,1,1,0,2,5,4,18,6,23,11,19,32,68,,,3,1,3.55,3.1,1.95,1.33,2.17,3.95,1.96,1.85,1.66,2.42,2.08,1.66,1.44,3.1,2.71,1.31,2,1,1,0,0,0,2,-1,0,46,0,-1,2,1,1,8,0,6,9,6,0,0,3,1,0,4,1,43,103,79,117,0.84,2.53,3.37,0,0,0,0,0,0,1,1,0,0,0,4,0,0,1,17,21,1,19,11,1,7,7,50,78,46,78,1.64,1.93,1.64,1.82,1.39,2.0,50,23,1.54,1.66,3.2,28,True,True,False,False,False,False,True,4.15,3.15,2.03,2.25,4.10,1.37,1.33,3.30,1.45,2.73,1.93,1.86,1.67,2.06,2.09,1.65
Croatia_HNL_2025-2026,2025/2026,24,Rijeka,Lokomotiva Zagreb,2026-03-01 14:00:00,2,0,2,1,4,5,4,2,0,0,2,3,5,4,7,7,11,11,41,59,Stadion HNK Rijeka,"Rujevica ulica 6B, Rijeka",4,2,1.58,3.6,5.0,1.25,1.85,2.97,1.75,1.95,1.64,2.46,2.1,1.66,1.35,2.78,2.9,1.42,2,1,0,1,0,1,1,1215,0,62,0,4986,2,1,0,2,1,2,2,3,0,1,4,1,1,5,1,59,68,126,133,1.02,1.16,2.18,0,0,0,0,0,0,1,1,0,0,0,0,0,1,1,19,26,1,12,12,1,8,5,43,88,35,79,1.79,0.64,1.83,0.73,1.39,1.26,57,13,1.83,1.32,3.15,28,True,True,False,False,False,False,False,1.69,3.70,5.22,2.00,3.47,1.31,1.39,2.99,1.40,2.96,1.94,1.86,1.60,2.20,2.00,1.73
Croatia_HNL_2025-2026,2025/2026,24,Dinamo Zagreb,Gorica,2026-03-01 16:15:00,4,2,6,5,3,8,0,2,0,0,7,4,11,6,18,10,8,8,57,43,Stadion Maksimir,"Maksimirska cesta 128, Zagreb",0,2,1.25,5.05,8.4,1.19,1.73,2.62,2.05,1.62,1.67,2.1,2.07,1.67,1.31,2.5,3.1,1.48,6,2,1,2,1,3,3,122,0,60,0,-1,2,1,2,2,3,1,4,4,0,1,0,1,1,1,1,37,35,69,64,1.89,1.16,3.05,1,1,1,1,0,0,1,1,1,0,1,0,0,0,1,16,16,1,7,7,1,6,10,64,91,27,82,2.64,1.0,2.55,1.09,2.22,1.13,37,9,2.1,1.48,3.58,28,True,True,True,True,True,True,True,1.27,5.70,10.68,1.76,2.93,1.24,,,,,2.25,1.64,,,,
Croatia_HNL_2025-2026,2025/2026,25,Istra 1961,Osijek,2026-03-06 17:00:00,0,1,1,7,2,9,2,4,0,0,2,3,10,6,12,9,15,16,57,43,Stadion Aldo Drosina,"Marsovo polje, Pula",2,4,2.6,2.95,2.81,1.37,2.0,4.0,1.91,1.75,1.61,2.33,2.16,1.71,1.5,3.22,2.39,1.29,1,0,0,0,1,1,0,1864,0,69,0,-1,2,1,7,1,0,1,8,1,0,2,2,2,2,4,1,65,52,119,93,1.37,1.16,2.53,0,0,0,0,0,0,1,1,0,0,0,0,0,0,1,30,24,1,16,15,1,11,3,55,82,36,87,1.36,0.71,1.45,0.55,1.25,0.83,46,18,1.39,1.41,2.8,28,True,False,False,False,False,False,False,2.84,3.08,2.69,2.32,4.32,1.41,,,,,1.90,1.90,,,,
Croatia_HNL_2025-2026,2025/2026,25,Gorica,Slaven Koprivnica,2026-03-07 14:00:00,2,2,4,3,5,8,2,6,0,0,3,2,4,10,7,12,14,15,42,58,ŠRC Velika Gorica,", Velika Gorica",2,6,2.35,3.0,3.25,1.37,2.15,3.94,1.83,1.97,1.78,2.76,1.92,1.55,1.47,3.05,2.47,1.32,4,1,0,1,2,3,1,-1,0,63,0,-1,2,1,0,4,3,1,4,4,0,2,2,4,2,6,1,48,56,71,85,1.0,1.3,2.3,0,0,0,0,0,0,1,1,0,0,0,0,0,0,1,19,35,1,15,14,1,6,7,54,80,38,79,1.29,0.86,1.17,0.92,1.08,1.42,46,21,1.33,1.22,2.55,28,True,True,True,True,False,False,True,2.23,3.13,3.54,2.19,3.89,1.37,,,,,1.85,1.96,1.82,1.91,2.34,1.52
Croatia_HNL_2025-2026,2025/2026,25,Lokomotiva Zagreb,Varaždin,2026-03-07 16:15:00,1,1,2,9,1,10,4,2,0,0,1,2,17,6,18,8,14,11,43,57,Stadion Kranjčevićeva,"Kranjčevićeva 4, Zagreb",4,2,2.0,3.2,3.2,1.3,2.04,3.42,1.81,1.85,1.65,2.06,2.1,1.68,1.41,2.9,2.66,1.35,2,1,0,0,1,1,1,-1,0,67,0,-1,2,1,6,0,3,1,6,4,0,1,4,1,1,5,1,63,65,95,116,1.66,1.13,2.78,0,0,0,0,0,0,1,1,0,0,2,0,0,0,1,25,21,1,11,14,1,6,11,54,79,38,80,1.57,1.07,1.75,1.17,1.21,1.38,46,21,1.41,1.25,2.66,28,True,True,False,False,False,False,True,2.06,3.32,3.77,2.08,3.76,1.34,,,,,1.80,2.01,,,,
Croatia_HNL_2025-2026,2025/2026,25,Hajduk Split,Dinamo Zagreb,2026-03-08 14:00:00,1,3,4,7,7,14,1,3,0,0,3,7,10,11,13,18,10,18,54,46,Stadion Poljud,"8. Mediteranskih igara 2, Split",1,3,3.2,3.3,1.98,1.29,2.01,3.28,1.77,2.03,1.76,2.24,1.95,1.56,1.42,2.85,2.62,1.36,4,1,3,0,0,0,4,122,0,38,0,-1,2,1,4,3,3,4,7,7,1,0,0,3,1,3,1,70,60,115,105,1.54,2.06,3.6,0,0,0,0,0,0,1,1,0,1,0,1,0,0,1,23,27,1,18,10,1,10,8,46,88,29,71,2.07,2.07,2.17,1.92,1.96,2.25,54,13,1.88,1.89,3.77,28,True,True,True,True,False,False,True,3.55,3.48,2.08,,,,1.41,2.91,1.38,3.02,1.75,2.08,1.79,1.93,2.26,1.55
Croatia_HNL_2025-2026,2025/2026,25,HNK Vukovar 1991,Rijeka,2026-03-08 16:45:00,0,1,1,2,1,3,1,0,0,0,1,2,8,6,9,8,14,12,52,48,Stadion Gradski vrt,"Delnička bb, Osijek",1,0,3.9,3.5,1.9,1.25,2.0,3.08,1.7,2.05,1.71,2.56,2.02,1.62,1.37,2.69,2.81,1.4,1,0,0,0,1,1,0,1215,0,69,0,-1,2,1,1,0,1,1,1,2,1,0,0,0,1,0,1,90,91,137,158,1.3,1.32,2.62,0,1,0,1,0,0,1,1,0,0,0,0,0,0,1,29,20,1,12,13,1,8,8,50,73,32,73,1.29,1.14,1.55,0.91,0.83,1.46,50,27,1.57,1.53,3.1,28,True,False,False,False,False,False,False,3.50,3.16,2.23,2.12,3.73,1.35,,,,,1.82,1.99,1.51,2.38,1.82,1.92
Croatia_HNL_2025-2026,2025/2026,26,Varaždin,HNK Vukovar 1991,2026-03-13 17:00:00,2,0,2,6,3,9,2,2,0,0,6,3,17,7,23,10,10,14,45,55,,,2,2,2.09,3.4,3.4,1.28,2.07,3.42,1.8,1.92,1.7,2.17,2.03,1.47,1.4,3.02,2.69,1.35,2,1,0,1,0,1,1,1881,0,65,0,-1,2,1,4,0,2,3,4,5,1,0,1,2,1,3,1,60,68,114,132,2.3,1.35,3.65,0,0,0,0,0,0,1,1,0,0,0,0,0,0,1,26,24,1,15,10,1,9,13,60,84,48,80,1.64,0.21,1.58,0.23,1.36,0.8,40,16,1.48,1.14,2.62,28,True,True,False,False,False,False,False,2.16,3.15,3.69,2.01,3.41,1.31,,,,,1.74,2.10,1.70,2.03,2.09,1.65
Croatia_HNL_2025-2026,2025/2026,26,Osijek,Gorica,2026-03-14 14:00:00,0,0,0,5,7,12,1,0,0,0,2,4,17,9,19,13,13,11,58,42,Stadion Gradski vrt,"Delnička bb, Osijek",1,0,2.15,2.95,3.15,1.3,2.19,3.95,1.85,1.86,1.63,2.36,2.15,1.7,1.44,3.0,2.77,1.33,0,0,0,0,0,0,0,-1,0,41,0,-1,2,1,1,3,4,4,4,8,1,0,0,0,1,0,1,57,69,90,105,1.74,1.6,3.34,0,0,0,0,0,0,1,1,0,0,0,0,0,0,1,10,31,1,11,14,1,4,12,37,76,28,69,1.07,1.0,1.08,1.0,0.92,1.08,64,24,1.59,1.45,3.04,28,False,False,False,False,False,False,False,2.46,2.76,3.56,2.31,4.17,1.40,1.35,3.17,1.48,2.66,1.91,1.89,1.63,2.15,2.04,1.70
Croatia_HNL_2025-2026,2025/2026,26,Dinamo Zagreb,Slaven Koprivnica,2026-03-14 16:15:00,4,2,6,5,0,5,0,0,0,0,10,2,9,3,19,5,8,9,64,36,Stadion Maksimir,"Maksimirska cesta 128, Zagreb",0,0,1.27,5.4,9.31,1.16,1.59,2.59,2.0,1.64,1.7,2.49,2.02,1.65,1.29,2.34,3.3,1.52,6,0,1,4,1,5,1,122,0,68,0,-1,2,-1,4,0,1,0,4,1,0,0,0,0,0,0,1,74,30,146,98,2.44,0.69,3.13,1,0,1,0,0,0,1,1,0,0,0,0,-1,-1,1,17,24,1,8,8,1,6,8,73,96,36,85,2.64,0.86,2.58,0.92,2.28,1.4,28,4,2.08,1.23,3.31,28,True,True,True,True,True,True,True,1.25,5.90,10.56,1.59,2.49,1.19,1.61,2.29,1.32,3.28,2.03,1.78,1.68,2.07,2.11,1.65
Croatia_HNL_2025-2026,2025/2026,26,Hajduk Split,Lokomotiva Zagreb,2026-03-15 14:00:00,2,1,3,5,10,15,1,1,0,0,9,5,12,12,21,17,17,6,46,54,Stadion Poljud,"8. Mediteranskih igara 2, Split",1,1,1.55,3.85,5.88,1.27,1.95,3.4,1.97,1.71,1.56,2.05,2.24,1.67,1.38,2.75,2.77,1.38,3,2,0,0,1,1,2,1863,0,57,0,-1,2,1,3,3,2,7,6,9,0,0,1,1,0,2,1,78,55,110,89,2.51,1.82,4.33,0,0,0,0,0,0,1,1,0,0,0,0,0,0,1,22,21,1,6,16,1,3,12,40,96,28,85,2.07,0.64,2.0,0.67,1.88,1.2,61,4,1.85,1.31,3.16,28,True,True,True,False,False,False,True,1.52,4.17,6.32,1.96,3.37,1.30,1.41,2.88,1.38,3.04,2.05,1.77,1.57,2.25,1.97,1.76
Croatia_HNL_2025-2026,2025/2026,26,Rijeka,Istra 1961,2026-03-15 16:45:00,0,2,2,11,0,11,3,2,0,0,6,2,23,4,29,6,7,13,71,29,Stadion HNK Rijeka,"Rujevica ulica 6B, Rijeka",3,2,1.5,3.98,7.21,1.33,2.0,3.4,2.0,1.7,1.64,2.06,2.12,1.68,1.38,2.85,2.73,1.36,2,0,2,0,0,0,2,1857,0,54,0,5897,2,1,2,0,9,0,2,9,1,0,2,2,1,4,1,111,36,160,83,3.04,0.79,3.83,0,0,0,0,0,0,1,1,0,2,0,0,0,0,1,26,17,1,13,7,1,5,23,58,77,42,77,1.79,1.21,1.92,1.08,1.52,1.2,43,23,1.77,1.2,2.97,28,True,True,False,False,False,False,False,1.56,3.81,6.65,2.06,3.63,1.33,,,,,2.04,1.78,1.53,2.32,1.92,1.81
Croatia_HNL_2025-2026,2025/2026,27,Istra 1961,Varaždin,2026-03-20 17:00:00,2,1,3,4,3,7,1,0,0,0,5,4,5,11,10,15,9,17,47,53,Stadion Aldo Drosina,"Marsovo polje, Pula",1,0,2.37,3.1,2.7,1.33,2.05,3.34,1.8,1.91,1.84,2.36,1.86,1.5,1.41,2.9,2.91,1.35,3,0,1,2,0,2,1,1857,0,60,0,-1,2,1,2,1,2,2,3,4,1,0,0,0,1,0,1,65,62,116,123,1.46,1.68,3.14,0,0,0,0,0,0,1,1,0,0,0,0,0,0,1,26,28,1,17,10,1,11,3,44,76,44,72,1.36,1.07,1.33,1.15,1.27,1.42,56,24,1.39,1.24,2.63,28,True,True,True,False,False,False,True,2.68,2.98,2.94,2.06,3.55,1.31,1.39,3.00,1.40,2.95,1.72,2.12,1.66,2.09,2.13,1.64
Croatia_HNL_2025-2026,2025/2026,27,HNK Vukovar 1991,Hajduk Split,2026-03-21 14:00:00,0,6,6,3,2,5,0,1,0,0,4,11,3,8,7,19,10,11,46,54,Stadion Gradski vrt,"Delnička bb, Osijek",0,1,4.75,3.6,1.65,1.28,1.85,3.1,1.78,1.9,1.65,2.38,2.12,1.69,1.36,2.62,2.85,1.42,6,0,2,0,4,4,2,1863,0,50,0,-1,2,1,3,0,0,2,3,2,0,1,0,0,1,0,1,65,80,138,117,1.21,2.54,3.75,0,1,0,1,0,0,1,1,0,1,0,0,0,0,1,21,21,1,11,9,1,7,2,42,75,38,67,1.29,1.93,1.42,1.75,0.77,1.92,59,25,1.55,1.73,3.28,28,True,True,True,True,True,True,False,5.32,3.66,1.68,1.85,3.11,1.27,1.44,2.78,1.36,3.14,1.77,2.05,1.65,2.12,2.05,1.69
Croatia_HNL_2025-2026,2025/2026,27,Lokomotiva Zagreb,Dinamo Zagreb,2026-03-21 16:15:00,0,5,5,3,7,10,2,1,1,0,0,11,2,10,2,21,10,9,31,69,Stadion Kranjčevićeva,"Kranjčevićeva 4, Zagreb",4,1,6.0,4.7,1.37,1.22,1.66,2.52,1.68,1.78,1.49,1.82,2.39,1.88,1.32,2.52,3.25,1.52,5,0,3,0,2,2,3,122,0,58,0,-1,2,1,1,5,2,2,6,4,3,0,0,1,3,1,1,38,79,76,126,0.41,2.66,3.08,0,1,0,1,0,0,1,1,0,1,0,2,0,0,1,14,12,1,9,9,1,9,7,54,85,31,81,1.57,2.07,1.69,2.0,1.15,2.31,46,15,1.43,1.9,3.33,28,True,True,True,True,True,False,False,7.85,4.70,1.39,1.69,2.70,1.22,1.54,2.48,1.32,3.28,1.90,1.90,,,,
Croatia_HNL_2025-2026,2025/2026,27,Slaven Koprivnica,Osijek,2026-03-22 14:00:00,0,0,0,6,3,9,2,2,0,0,2,2,6,9,8,11,12,10,45,55,,,2,2,2.35,3.0,3.25,1.33,2.4,4.33,1.95,1.75,1.64,2.05,2.12,1.68,1.44,3.2,2.31,1.26,0,0,0,0,0,0,0,-1,0,67,0,-1,2,1,3,1,3,2,4,5,1,2,1,0,3,1,1,40,46,107,91,0.95,1.17,2.12,0,0,0,0,0,0,1,1,0,0,0,0,0,0,1,32,25,1,11,13,1,7,4,58,79,38,83,1.71,0.71,1.92,0.75,1.35,0.92,42,21,1.73,1.39,3.12,28,False,False,False,False,False,False,False,2.38,2.83,3.61,2.52,4.61,1.47,1.32,3.39,1.53,2.51,2.10,1.74,,,,
Croatia_HNL_2025-2026,2025/2026,27,Gorica,Rijeka,2026-03-22 16:45:00,4,0,4,1,5,6,1,2,0,0,6,3,4,8,10,11,9,13,42,58,ŠRC Velika Gorica,", Velika Gorica",1,2,3.1,3.03,2.3,1.42,2.38,4.0,1.97,1.79,1.65,2.05,2.1,1.67,1.4,3.35,2.41,1.27,4,1,0,3,0,3,1,1875,0,60,0,1373,2,1,0,2,1,3,2,4,0,0,1,2,0,3,1,46,71,100,158,1.39,1.44,2.83,0,0,0,0,0,0,1,1,0,0,0,2,0,0,1,17,28,1,14,10,1,11,3,48,64,28,80,1.29,1.14,1.15,1.08,1.08,1.46,52,37,1.3,1.51,2.81,28,True,True,True,True,False,False,False,2.95,2.97,2.68,2.41,4.47,1.44,1.31,3.18,1.50,2.57,1.92,1.88,,,,
Croatia_HNL_2025-2026,2025/2026,28,Varaždin,Gorica,2026-04-03 16:15:00,1,1,2,8,1,9,3,5,0,0,5,2,11,3,16,5,19,12,51,49,,,3,5,2.55,3.2,2.89,1.28,2.1,3.34,1.75,1.9,1.84,2.39,1.83,1.51,1.36,2.8,2.55,1.38,2,1,1,0,0,0,2,-1,0,58,0,1437,2,1,4,0,4,1,4,5,1,1,2,4,2,6,1,53,26,78,70,1.74,0.65,2.39,0,0,0,0,0,0,1,1,0,0,1,0,0,0,1,28,14,1,12,19,1,6,6,50,81,43,77,1.64,1.0,1.69,1.0,1.37,1.15,50,19,1.55,1.46,3.01,28,True,True,False,False,False,False,True,2.75,3.23,2.67,2.07,3.64,1.32,1.37,3.06,1.41,2.89,1.85,1.96,1.81,1.93,2.30,1.53
Croatia_HNL_2025-2026,2025/2026,28,Dinamo Zagreb,Osijek,2026-04-04 13:00:00,7,0,7,11,0,11,0,0,0,0,12,2,16,4,28,6,12,7,66,34,Stadion Maksimir,"Maksimirska cesta 128, Zagreb",0,0,1.21,5.6,12.5,1.15,1.68,2.46,2.17,1.56,1.6,2.33,2.17,1.7,1.28,2.35,3.3,1.46,7,3,0,4,0,4,3,122,0,66,0,9109,2,-1,9,0,2,0,9,2,0,0,0,0,0,0,1,74,18,101,53,3.12,0.65,3.78,1,0,1,0,0,0,1,1,0,0,1,0,-1,-1,1,25,12,1,6,12,1,3,7,70,85,27,85,2.64,0.71,2.62,0.77,2.33,0.93,31,16,2.11,1.37,3.48,28,True,True,True,True,True,True,False,1.21,6.48,12.81,1.62,2.59,1.20,1.54,2.45,,,,,1.60,2.20,2.02,1.72
Croatia_HNL_2025-2026,2025/2026,28,Slaven Koprivnica,Rijeka,2026-04-04 15:45:00,0,2,2,5,6,11,0,1,0,0,2,4,15,7,17,11,12,15,56,44,,,0,1,2.9,3.1,2.26,1.38,2.22,3.8,1.74,1.8,1.71,2.58,2.01,1.54,1.46,3.1,2.63,1.35,2,0,2,0,0,0,2,1215,0,58,0,1337,2,1,3,1,2,5,4,7,0,0,0,1,0,1,1,69,47,104,90,1.71,1.32,3.03,0,1,0,1,0,0,1,1,0,1,0,0,0,0,1,27,18,1,15,11,1,8,9,50,70,35,77,1.71,1.14,1.85,1.0,1.33,1.41,50,31,1.67,1.51,3.18,28,True,True,False,False,False,False,False,3.13,3.12,2.45,2.22,4.01,1.38,1.33,3.28,1.45,2.71,,,,,,
Croatia_HNL_2025-2026,2025/2026,28,HNK Vukovar 1991,Lokomotiva Zagreb,2026-04-07 13:45:00,1,1,2,4,4,8,1,3,0,0,4,1,1,5,5,6,18,18,42,58,Stadion Gradski vrt,"Delnička bb, Osijek",1,3,2.82,3.55,2.36,1.22,1.83,2.97,1.64,2.07,1.59,2.29,2.19,1.74,1.36,2.62,3.11,1.42,2,0,0,1,1,2,0,-1,0,66,0,515,2,1,2,3,2,1,5,3,0,2,1,1,2,2,1,59,92,113,154,1.04,1.13,2.17,0,0,0,0,0,0,1,1,0,0,0,1,0,0,1,26,19,1,18,18,1,10,7,46,89,35,77,1.29,0.64,1.31,0.62,0.74,1.11,54,12,1.52,1.34,2.86,28,True,True,False,False,False,False,True,3.07,3.27,2.39,1.90,3.10,1.26,1.43,2.83,1.37,3.08,,,1.58,2.20,1.97,1.74
Croatia_HNL_2025-2026,2025/2026,28,Istra 1961,Hajduk Split,2026-04-07 16:00:00,1,3,4,2,8,10,2,2,0,0,2,8,5,11,7,19,18,12,32,68,Stadion Aldo Drosina,"Marsovo polje, Pula",2,2,4.25,3.7,1.74,1.26,1.83,2.92,1.74,1.93,1.61,2.36,2.14,1.7,1.36,2.59,3.15,1.43,4,0,1,1,2,3,1,1863,0,47,0,6028,2,1,0,6,2,2,6,4,1,1,1,1,2,2,1,40,65,103,119,0.88,2.23,3.11,0,0,0,0,0,0,1,1,0,0,0,0,1,0,1,19,17,1,12,18,1,9,7,42,77,42,77,1.36,1.93,1.46,1.85,1.33,1.96,58,23,1.4,1.8,3.2,28,True,True,True,True,False,False,True,5.09,3.97,1.65,1.82,3.03,1.25,1.46,2.71,1.34,3.27,,,1.61,2.15,2.00,1.72
